transaction_id,store_id,product_id,quantity_sold,unit_price,total_amount,sale_date
50001,5,1014,1,35.0,35.0,2024-06-03
50002,3,1004,2,180.0,360.0,2024-04-23
50003,4,1007,7,45.0,315.0,2024-11-14
50004,1,1008,9,65.0,585.0,2024-01-19
50005,3,1001,10,450.0,4500.0,2024-09-26
50006,3,1006,9,120.0,1080.0,2024-06-08
50007,4,1008,2,65.0,130.0,2024-10-09
50008,1,1011,10,30.0,300.0,2024-09-14
50009,4,1011,2,30.0,60.0,2024-12-26
50010,4,1003,4,55.0,220.0,2024-06-21
50011,5,1005,2,185.0,370.0,2024-11-04
50012,2,1014,7,35.0,245.0,2024-12-27
50013,1,1009,2,85.0,170.0,2024-02-21
50014,5,1005,6,185.0,1110.0,2024-11-02
50015,5,1009,2,85.0,170.0,2024-01-22
50016,3,1014,2,35.0,70.0,2024-11-11
50017,5,1007,5,45.0,225.0,2024-03-25
50018,2,1010,10,25.0,250.0,2024-07-04
50019,1,1001,5,450.0,2250.0,2024-07-04
50020,4,1008,5,65.0,325.0,2024-12-12
50021,2,1001,10,450.0,4500.0,2024-01-02
50022,4,1011,2,30.0,60.0,2024-05-18
50023,5,1005,1,185.0,185.0,2024-02-11
50024,4,1001,4,450.0,1800.0,2024-08-01
50025,1,1013,7,120.0,840.0,2024-10-07
50026,2,1011,3,30.0,90.0,2024-09-26
50027,2,1004,6,180.0,1080.0,2024-01-19
50028,4,1013,10,120.0,1200.0,2024-07-29
50029,4,1010,5,25.0,125.0,2024-07-16
50030,4,1005,8,185.0,1480.0,2024-03-24
50031,4,1013,10,120.0,1200.0,2024-03-26
50032,5,1010,3,25.0,75.0,2024-06-23
50033,4,1009,4,85.0,340.0,2024-12-21
50034,1,1012,5,40.0,200.0,2024-05-08
50035,1,1002,8,35.0,280.0,2024-11-29
50036,4,1003,10,55.0,550.0,2024-04-08
50037,2,1004,7,180.0,1260.0,2024-03-11
50038,1,1007,5,45.0,225.0,2024-05-22
50039,4,1008,5,65.0,325.0,2024-03-28
50040,4,1010,8,25.0,200.0,2024-09-03
50041,2,1014,7,35.0,245.0,2024-02-13
50042,3,1004,8,180.0,1440.0,2024-03-27
50043,2,1002,10,35.0,350.0,2024-12-18
50044,5,1013,10,120.0,1200.0,2024-12-06
50045,3,1011,1,30.0,30.0,2024-06-26
50046,4,1010,4,25.0,100.0,2024-04-01
50047,2,1004,3,180.0,540.0,2024-08-18
50048,2,1010,6,25.0,150.0,2024-12-19
50049,5,1008,4,65.0,260.0,2024-06-11
50050,3,1004,4,180.0,720.0,2024-11-30
50051,4,1013,2,120.0,240.0,2024-05-20
50052,5,1006,7,120.0,840.0,2024-10-24
50053,4,1004,2,180.0,360.0,2024-07-08
50054,4,1014,7,35.0,245.0,2024-09-17
50055,4,1009,9,85.0,765.0,2024-06-21
50056,4,1003,1,55.0,55.0,2024-07-10
50057,2,1005,9,185.0,1665.0,2024-08-08
50058,3,1001,10,450.0,4500.0,2024-09-15
50059,5,1006,10,120.0,1200.0,2024-08-25
50060,3,1006,4,120.0,480.0,2024-01-10
50061,2,1006,2,120.0,240.0,2024-09-14
50062,4,1004,2,180.0,360.0,2024-03-28
50063,2,1006,7,120.0,840.0,2024-11-14
50064,1,1003,4,55.0,220.0,2024-05-24
50065,1,1004,10,180.0,1800.0,2024-01-18
50066,4,1012,1,40.0,40.0,2024-10-19
50067,1,1013,9,120.0,1080.0,2024-04-27
50068,2,1012,8,40.0,320.0,2024-11-15
50069,5,1013,9,120.0,1080.0,2024-08-16
50070,4,1005,1,185.0,185.0,2024-08-31
50071,1,1010,6,25.0,150.0,2024-10-02
50072,5,1006,1,120.0,120.0,2024-03-17
50073,4,1003,1,55.0,55.0,2024-03-04
50074,1,1005,8,185.0,1480.0,2024-07-28
50075,1,1014,6,35.0,210.0,2024-10-24
50076,4,1003,1,55.0,55.0,2024-12-17
50077,4,1013,6,120.0,720.0,2024-04-24
50078,4,1003,7,55.0,385.0,2024-04-09
50079,2,1013,1,120.0,120.0,2024-04-18
50080,3,1002,6,35.0,210.0,2024-08-11
50081,5,1004,8,180.0,1440.0,2024-09-30
50082,1,1005,10,185.0,1850.0,2024-04-17
50083,1,1005,8,185.0,1480.0,2024-10-05
50084,5,1011,1,30.0,30.0,2024-04-04
50085,5,1007,7,45.0,315.0,2024-01-21
50086,1,1011,3,30.0,90.0,2024-12-05
50087,1,1007,2,45.0,90.0,2024-11-06
50088,5,1014,2,35.0,70.0,2024-09-25
50089,2,1013,9,120.0,1080.0,2024-10-29
50090,3,1002,1,35.0,35.0,2024-11-11
50091,4,1011,2,30.0,60.0,2024-03-23
50092,4,1014,10,35.0,350.0,2024-10-26
50093,2,1001,4,450.0,1800.0,2024-03-16
50094,3,1003,10,55.0,550.0,2024-07-16
50095,2,1001,7,450.0,3150.0,2024-04-13
50096,2,1009,5,85.0,425.0,2024-01-01
50097,2,1013,10,120.0,1200.0,2024-01-31
50098,4,1008,7,65.0,455.0,2024-10-31
50099,4,1007,4,45.0,180.0,2024-07-16
50100,3,1011,4,30.0,120.0,2024-11-21
50101,3,1001,6,450.0,2700.0,2024-06-05
50102,5,1003,7,55.0,385.0,2024-06-15
50103,5,1014,6,35.0,210.0,2024-10-05
50104,1,1009,8,85.0,680.0,2024-08-26
50105,2,1001,3,450.0,1350.0,2024-02-04
50106,4,1010,10,25.0,250.0,2024-05-27
50107,3,1007,2,45.0,90.0,2024-10-20
50108,4,1009,7,85.0,595.0,2024-03-04
50109,2,1002,5,35.0,175.0,2024-10-21
50110,3,1012,8,40.0,320.0,2024-01-24
50111,4,1002,4,35.0,140.0,2024-04-19
50112,1,1008,2,65.0,130.0,2024-12-13
50113,5,1006,10,120.0,1200.0,2024-09-25
50114,2,1013,5,120.0,600.0,2024-02-22
50115,1,1010,10,25.0,250.0,2024-10-20
50116,4,1004,5,180.0,900.0,2024-10-25
50117,4,1007,3,45.0,135.0,2024-11-28
50118,1,1012,8,40.0,320.0,2024-12-24
50119,4,1004,9,180.0,1620.0,2024-01-12
50120,3,1005,2,185.0,370.0,2024-02-11
50121,4,1014,10,35.0,350.0,2024-07-17
50122,5,1007,2,45.0,90.0,2024-09-24
50123,2,1005,8,185.0,1480.0,2024-02-24
50124,5,1001,9,450.0,4050.0,2024-12-01
50125,5,1002,1,35.0,35.0,2024-10-11
50126,1,1001,5,450.0,2250.0,2024-02-04
50127,5,1009,3,85.0,255.0,2024-03-13
50128,2,1013,5,120.0,600.0,2024-08-15
50129,2,1012,8,40.0,320.0,2024-10-03
50130,1,1002,3,35.0,105.0,2024-10-09
50131,2,1010,4,25.0,100.0,2024-09-30
50132,3,1001,3,450.0,1350.0,2024-12-23
50133,3,1003,1,55.0,55.0,2024-08-31
50134,1,1002,6,35.0,210.0,2024-06-19
50135,1,1003,4,55.0,220.0,2024-06-18
50136,4,1007,7,45.0,315.0,2024-03-03
50137,3,1003,5,55.0,275.0,2024-09-01
50138,1,1011,5,30.0,150.0,2024-03-06
50139,2,1002,7,35.0,245.0,2024-02-01
50140,2,1010,7,25.0,175.0,2024-01-22
50141,1,1014,9,35.0,315.0,2024-06-01
50142,1,1011,10,30.0,300.0,2024-10-28
50143,1,1009,10,85.0,850.0,2024-08-21
50144,5,1003,3,55.0,165.0,2024-12-12
50145,1,1003,1,55.0,55.0,2024-12-12
50146,3,1001,9,450.0,4050.0,2024-06-17
50147,1,1009,10,85.0,850.0,2024-10-22
50148,3,1011,3,30.0,90.0,2024-06-01
50149,2,1005,1,185.0,185.0,2024-12-09
50150,4,1008,10,65.0,650.0,2024-02-19
50151,5,1009,8,85.0,680.0,2024-05-29
50152,5,1013,2,120.0,240.0,2024-11-25
50153,2,1004,10,180.0,1800.0,2024-10-23
50154,2,1002,8,35.0,280.0,2024-08-28
50155,1,1005,3,185.0,555.0,2024-05-04
50156,5,1006,9,120.0,1080.0,2024-01-12
50157,3,1004,4,180.0,720.0,2024-04-20
50158,4,1008,1,65.0,65.0,2024-02-13
50159,1,1005,1,185.0,185.0,2024-06-24
50160,3,1002,9,35.0,315.0,2024-08-11
50161,2,1001,10,450.0,4500.0,2024-02-07
50162,2,1012,2,40.0,80.0,2024-01-18
50163,3,1011,10,30.0,300.0,2024-08-31
50164,4,1008,2,65.0,130.0,2024-07-30
50165,3,1013,10,120.0,1200.0,2024-02-29
50166,2,1004,8,180.0,1440.0,2024-12-12
50167,2,1004,10,180.0,1800.0,2024-05-11
50168,3,1011,9,30.0,270.0,2024-07-10
50169,1,1005,8,185.0,1480.0,2024-01-15
50170,3,1003,4,55.0,220.0,2024-07-20
50171,2,1004,5,180.0,900.0,2024-12-17
50172,2,1004,1,180.0,180.0,2024-03-30
50173,3,1005,6,185.0,1110.0,2024-08-02
50174,2,1009,6,85.0,510.0,2024-09-01
50175,4,1002,4,35.0,140.0,2024-11-10
50176,3,1006,7,120.0,840.0,2024-02-27
50177,1,1006,4,120.0,480.0,2024-04-06
50178,3,1004,3,180.0,540.0,2024-05-03
50179,4,1014,5,35.0,175.0,2024-10-13
50180,1,1010,5,25.0,125.0,2024-02-15
50181,4,1009,3,85.0,255.0,2024-08-02
50182,2,1011,4,30.0,120.0,2024-11-13
50183,4,1007,6,45.0,270.0,2024-03-27
50184,5,1013,5,120.0,600.0,2024-02-10
50185,2,1012,5,40.0,200.0,2024-06-04
50186,2,1002,7,35.0,245.0,2024-06-27
50187,4,1014,7,35.0,245.0,2024-05-17
50188,1,1009,1,85.0,85.0,2024-11-24
50189,5,1007,10,45.0,450.0,2024-06-08
50190,3,1012,8,40.0,320.0,2024-01-31
50191,3,1011,2,30.0,60.0,2024-09-19
50192,4,1009,5,85.0,425.0,2024-08-01
50193,5,1012,10,40.0,400.0,2024-05-26
50194,2,1002,10,35.0,350.0,2024-06-16
50195,1,1002,5,35.0,175.0,2024-02-21
50196,5,1010,5,25.0,125.0,2024-02-27
50197,1,1012,1,40.0,40.0,2024-09-04
50198,2,1007,2,45.0,90.0,2024-02-08
50199,5,1011,10,30.0,300.0,2024-08-24
50200,5,1014,5,35.0,175.0,2024-12-11
50201,2,1007,3,45.0,135.0,2024-09-11
50202,5,1011,1,30.0,30.0,2024-11-05
50203,4,1011,10,30.0,300.0,2024-03-25
50204,3,1004,2,180.0,360.0,2024-03-12
50205,4,1010,6,25.0,150.0,2024-09-13
50206,5,1008,7,65.0,455.0,2024-11-08
50207,1,1006,10,120.0,1200.0,2024-07-24
50208,4,1013,3,120.0,360.0,2024-08-01
50209,5,1011,7,30.0,210.0,2024-09-11
50210,2,1001,4,450.0,1800.0,2024-10-05
50211,2,1002,8,35.0,280.0,2024-08-02
50212,2,1005,10,185.0,1850.0,2024-10-16
50213,2,1002,5,35.0,175.0,2024-04-14
50214,3,1003,7,55.0,385.0,2024-06-16
50215,1,1003,4,55.0,220.0,2024-02-16
50216,4,1001,6,450.0,2700.0,2024-03-29
50217,3,1003,3,55.0,165.0,2024-04-09
50218,3,1013,3,120.0,360.0,2024-10-05
50219,4,1008,7,65.0,455.0,2024-12-30
50220,5,1008,10,65.0,650.0,2024-06-23
50221,1,1006,4,120.0,480.0,2024-03-08
50222,3,1006,2,120.0,240.0,2024-08-07
50223,3,1008,10,65.0,650.0,2024-07-12
50224,2,1012,3,40.0,120.0,2024-09-25
50225,5,1014,5,35.0,175.0,2024-09-18
50226,4,1006,6,120.0,720.0,2024-12-30
50227,1,1005,6,185.0,1110.0,2024-09-27
50228,3,1002,10,35.0,350.0,2024-03-14
50229,1,1004,8,180.0,1440.0,2024-12-18
50230,1,1010,1,25.0,25.0,2024-10-15
50231,3,1009,5,85.0,425.0,2024-06-02
50232,2,1012,5,40.0,200.0,2024-04-27
50233,4,1004,8,180.0,1440.0,2024-07-27
50234,2,1013,5,120.0,600.0,2024-08-17
50235,5,1006,5,120.0,600.0,2024-08-18
50236,5,1007,7,45.0,315.0,2024-05-25
50237,2,1007,3,45.0,135.0,2024-07-20
50238,4,1009,9,85.0,765.0,2024-04-22
50239,5,1007,3,45.0,135.0,2024-11-21
50240,5,1001,2,450.0,900.0,2024-03-01
50241,1,1002,3,35.0,105.0,2024-06-28
50242,2,1009,7,85.0,595.0,2024-01-13
50243,2,1006,10,120.0,1200.0,2024-06-16
50244,4,1002,10,35.0,350.0,2024-09-14
50245,4,1010,8,25.0,200.0,2024-08-29
50246,2,1001,6,450.0,2700.0,2024-10-10
50247,1,1005,9,185.0,1665.0,2024-04-20
50248,4,1006,10,120.0,1200.0,2024-10-29
50249,4,1007,7,45.0,315.0,2024-08-25
50250,2,1002,2,35.0,70.0,2024-04-05
50251,1,1004,9,180.0,1620.0,2024-05-28
50252,5,1001,1,450.0,450.0,2024-04-12
50253,5,1003,3,55.0,165.0,2024-04-25
50254,4,1006,2,120.0,240.0,2024-08-10
50255,1,1014,8,35.0,280.0,2024-10-09
50256,4,1014,1,35.0,35.0,2024-11-28
50257,2,1002,5,35.0,175.0,2024-01-17
50258,5,1001,5,450.0,2250.0,2024-03-25
50259,3,1011,1,30.0,30.0,2024-06-06
50260,5,1013,9,120.0,1080.0,2024-05-20
50261,1,1009,3,85.0,255.0,2024-03-16
50262,3,1003,1,55.0,55.0,2024-11-09
50263,3,1006,9,120.0,1080.0,2024-08-27
50264,2,1014,7,35.0,245.0,2024-10-17
50265,5,1001,8,450.0,3600.0,2024-02-04
50266,5,1001,8,450.0,3600.0,2024-03-28
50267,5,1003,4,55.0,220.0,2024-01-29
50268,3,1010,4,25.0,100.0,2024-05-11
50269,3,1013,10,120.0,1200.0,2024-05-10
50270,3,1002,2,35.0,70.0,2024-09-23
50271,4,1003,5,55.0,275.0,2024-09-12
50272,2,1010,6,25.0,150.0,2024-07-06
50273,3,1006,9,120.0,1080.0,2024-06-03
50274,3,1002,1,35.0,35.0,2024-03-05
50275,5,1005,2,185.0,370.0,2024-07-10
50276,3,1002,7,35.0,245.0,2024-01-06
50277,5,1012,4,40.0,160.0,2024-11-15
50278,4,1012,7,40.0,280.0,2024-07-13
50279,4,1005,4,185.0,740.0,2024-01-31
50280,2,1005,10,185.0,1850.0,2024-04-10
50281,4,1014,2,35.0,70.0,2024-12-12
50282,3,1007,3,45.0,135.0,2024-09-25
50283,4,1014,2,35.0,70.0,2024-09-09
50284,5,1010,5,25.0,125.0,2024-03-06
50285,4,1011,10,30.0,300.0,2024-02-18
50286,3,1011,5,30.0,150.0,2024-04-23
50287,4,1005,6,185.0,1110.0,2024-09-11
50288,5,1009,5,85.0,425.0,2024-11-01
50289,3,1013,2,120.0,240.0,2024-10-10
50290,2,1007,7,45.0,315.0,2024-04-11
50291,2,1012,8,40.0,320.0,2024-10-14
50292,5,1009,4,85.0,340.0,2024-11-12
50293,5,1014,5,35.0,175.0,2024-06-26
50294,2,1001,3,450.0,1350.0,2024-04-18
50295,5,1004,4,180.0,720.0,2024-12-04
50296,1,1001,4,450.0,1800.0,2024-08-19
50297,3,1006,4,120.0,480.0,2024-11-19
50298,2,1004,6,180.0,1080.0,2024-06-03
50299,5,1006,2,120.0,240.0,2024-09-16
50300,3,1013,1,120.0,120.0,2024-12-06
50301,1,1007,7,45.0,315.0,2024-10-11
50302,1,1003,3,55.0,165.0,2024-06-12
50303,4,1001,1,450.0,450.0,2024-02-27
50304,1,1001,4,450.0,1800.0,2024-03-15
50305,2,1004,5,180.0,900.0,2024-05-31
50306,3,1004,10,180.0,1800.0,2024-08-28
50307,4,1013,9,120.0,1080.0,2024-11-14
50308,2,1014,10,35.0,350.0,2024-12-03
50309,3,1008,5,65.0,325.0,2024-02-20
50310,3,1004,4,180.0,720.0,2024-04-10
50311,4,1011,7,30.0,210.0,2024-12-07
50312,4,1011,6,30.0,180.0,2024-01-29
50313,5,1012,8,40.0,320.0,2024-05-26
50314,1,1008,10,65.0,650.0,2024-12-23
50315,3,1007,5,45.0,225.0,2024-01-17
50316,3,1006,4,120.0,480.0,2024-08-16
50317,1,1001,9,450.0,4050.0,2024-06-09
50318,1,1013,3,120.0,360.0,2024-06-12
50319,3,1009,9,85.0,765.0,2024-04-16
50320,2,1009,9,85.0,765.0,2024-08-29
50321,1,1010,8,25.0,200.0,2024-02-01
50322,5,1006,9,120.0,1080.0,2024-05-13
50323,4,1006,3,120.0,360.0,2024-08-27
50324,2,1008,10,65.0,650.0,2024-07-15
50325,2,1010,1,25.0,25.0,2024-06-30
50326,3,1013,8,120.0,960.0,2024-04-09
50327,3,1007,4,45.0,180.0,2024-04-11
50328,2,1007,10,45.0,450.0,2024-11-17
50329,2,1001,9,450.0,4050.0,2024-06-08
50330,3,1009,2,85.0,170.0,2024-06-30
50331,4,1007,1,45.0,45.0,2024-02-04
50332,5,1008,9,65.0,585.0,2024-12-28
50333,5,1006,1,120.0,120.0,2024-01-11
50334,5,1012,6,40.0,240.0,2024-12-07
50335,2,1012,9,40.0,360.0,2024-08-17
50336,5,1002,2,35.0,70.0,2024-03-19
50337,1,1011,9,30.0,270.0,2024-01-27
50338,3,1006,5,120.0,600.0,2024-03-12
50339,4,1010,1,25.0,25.0,2024-07-08
50340,5,1007,4,45.0,180.0,2024-04-26
50341,1,1005,10,185.0,1850.0,2024-03-06
50342,1,1005,3,185.0,555.0,2024-01-18
50343,5,1006,5,120.0,600.0,2024-10-18
50344,2,1007,10,45.0,450.0,2024-07-19
50345,2,1006,10,120.0,1200.0,2024-09-29
50346,2,1008,7,65.0,455.0,2024-09-20
50347,3,1009,8,85.0,680.0,2024-06-09
50348,1,1003,7,55.0,385.0,2024-07-22
50349,1,1010,10,25.0,250.0,2024-12-26
50350,1,1001,3,450.0,1350.0,2024-02-07
50351,5,1013,10,120.0,1200.0,2024-10-20
50352,2,1003,6,55.0,330.0,2024-06-27
50353,1,1014,8,35.0,280.0,2024-09-20
50354,1,1007,5,45.0,225.0,2024-08-13
50355,4,1004,3,180.0,540.0,2024-03-29
50356,3,1007,3,45.0,135.0,2024-01-15
50357,1,1003,1,55.0,55.0,2024-01-24
50358,5,1011,1,30.0,30.0,2024-12-26
50359,1,1009,1,85.0,85.0,2024-04-21
50360,3,1009,9,85.0,765.0,2024-01-01
50361,2,1008,1,65.0,65.0,2024-03-11
50362,4,1007,2,45.0,90.0,2024-07-13
50363,5,1011,4,30.0,120.0,2024-05-30
50364,3,1004,4,180.0,720.0,2024-04-01
50365,4,1012,10,40.0,400.0,2024-09-26
50366,2,1010,6,25.0,150.0,2024-12-20
50367,1,1012,3,40.0,120.0,2024-12-05
50368,5,1009,9,85.0,765.0,2024-06-21
50369,1,1014,7,35.0,245.0,2024-06-28
50370,5,1007,2,45.0,90.0,2024-04-02
50371,1,1011,3,30.0,90.0,2024-08-03
50372,1,1012,10,40.0,400.0,2024-12-24
50373,1,1004,4,180.0,720.0,2024-10-13
50374,2,1008,9,65.0,585.0,2024-10-09
50375,2,1006,6,120.0,720.0,2024-09-14
50376,5,1006,3,120.0,360.0,2024-07-07
50377,2,1001,6,450.0,2700.0,2024-07-18
50378,1,1010,5,25.0,125.0,2024-09-01
50379,3,1012,6,40.0,240.0,2024-07-16
50380,5,1005,8,185.0,1480.0,2024-11-26
50381,2,1012,6,40.0,240.0,2024-12-11
50382,4,1009,1,85.0,85.0,2024-04-04
50383,1,1001,5,450.0,2250.0,2024-08-09
50384,2,1005,1,185.0,185.0,2024-01-17
50385,2,1007,1,45.0,45.0,2024-05-19
50386,1,1002,8,35.0,280.0,2024-05-09
50387,1,1012,3,40.0,120.0,2024-03-17
50388,1,1013,1,120.0,120.0,2024-04-10
50389,5,1001,2,450.0,900.0,2024-07-07
50390,5,1008,8,65.0,520.0,2024-12-24
50391,2,1001,5,450.0,2250.0,2024-11-07
50392,2,1003,5,55.0,275.0,2024-06-17
50393,2,1010,4,25.0,100.0,2024-12-16
50394,2,1011,1,30.0,30.0,2024-11-19
50395,4,1008,10,65.0,650.0,2024-12-11
50396,3,1009,7,85.0,595.0,2024-04-02
50397,1,1012,3,40.0,120.0,2024-08-17
50398,2,1004,8,180.0,1440.0,2024-03-23
50399,4,1009,6,85.0,510.0,2024-06-06
50400,1,1002,2,35.0,70.0,2024-02-24
50401,3,1003,9,55.0,495.0,2024-11-15
50402,2,1006,7,120.0,840.0,2024-07-17
50403,1,1009,2,85.0,170.0,2024-03-31
50404,2,1012,10,40.0,400.0,2024-05-19
50405,5,1014,2,35.0,70.0,2024-03-23
50406,2,1001,9,450.0,4050.0,2024-06-11
50407,4,1006,7,120.0,840.0,2024-12-26
50408,2,1003,1,55.0,55.0,2024-03-21
50409,3,1003,10,55.0,550.0,2024-11-26
50410,2,1010,8,25.0,200.0,2024-12-28
50411,2,1004,3,180.0,540.0,2024-08-25
50412,1,1008,7,65.0,455.0,2024-05-08
50413,1,1014,10,35.0,350.0,2024-03-20
50414,4,1004,2,180.0,360.0,2024-01-26
50415,3,1014,5,35.0,175.0,2024-03-31
50416,4,1008,2,65.0,130.0,2024-05-24
50417,4,1003,3,55.0,165.0,2024-06-11
50418,3,1003,3,55.0,165.0,2024-08-21
50419,3,1002,10,35.0,350.0,2024-02-28
50420,5,1006,3,120.0,360.0,2024-11-09
50421,2,1009,5,85.0,425.0,2024-09-01
50422,2,1007,7,45.0,315.0,2024-12-18
50423,1,1013,1,120.0,120.0,2024-03-08
50424,1,1003,6,55.0,330.0,2024-07-12
50425,1,1004,3,180.0,540.0,2024-07-14
50426,3,1010,8,25.0,200.0,2024-10-20
50427,4,1013,3,120.0,360.0,2024-09-11
50428,4,1002,9,35.0,315.0,2024-05-20
50429,1,1004,9,180.0,1620.0,2024-02-03
50430,3,1008,8,65.0,520.0,2024-05-23
50431,2,1011,4,30.0,120.0,2024-07-08
50432,1,1009,8,85.0,680.0,2024-09-07
50433,1,1005,10,185.0,1850.0,2024-03-10
50434,2,1006,6,120.0,720.0,2024-04-05
50435,3,1008,8,65.0,520.0,2024-11-30
50436,1,1009,7,85.0,595.0,2024-12-18
50437,3,1011,8,30.0,240.0,2024-10-12
50438,5,1004,4,180.0,720.0,2024-07-11
50439,4,1004,1,180.0,180.0,2024-08-04
50440,4,1003,8,55.0,440.0,2024-10-14
50441,2,1010,3,25.0,75.0,2024-02-08
50442,4,1003,5,55.0,275.0,2024-01-20
50443,1,1011,2,30.0,60.0,2024-02-09
50444,2,1012,9,40.0,360.0,2024-03-18
50445,3,1007,1,45.0,45.0,2024-05-04
50446,2,1011,5,30.0,150.0,2024-07-13
50447,5,1009,1,85.0,85.0,2024-03-11
50448,5,1010,9,25.0,225.0,2024-03-17
50449,5,1007,1,45.0,45.0,2024-01-10
50450,1,1008,1,65.0,65.0,2024-04-25
50451,5,1012,10,40.0,400.0,2024-08-19
50452,1,1013,6,120.0,720.0,2024-01-19
50453,3,1008,10,65.0,650.0,2024-03-21
50454,1,1012,6,40.0,240.0,2024-08-16
50455,2,1008,8,65.0,520.0,2024-07-29
50456,5,1001,2,450.0,900.0,2024-08-27
50457,4,1008,8,65.0,520.0,2024-06-02
50458,3,1004,2,180.0,360.0,2024-02-17
50459,5,1010,4,25.0,100.0,2024-05-25
50460,1,1005,4,185.0,740.0,2024-04-10
50461,5,1007,7,45.0,315.0,2024-03-14
50462,5,1013,8,120.0,960.0,2024-03-23
50463,5,1001,9,450.0,4050.0,2024-05-07
50464,1,1012,5,40.0,200.0,2024-11-02
50465,4,1002,9,35.0,315.0,2024-07-31
50466,2,1003,1,55.0,55.0,2024-01-15
50467,1,1008,8,65.0,520.0,2024-10-28
50468,5,1012,6,40.0,240.0,2024-03-23
50469,1,1012,10,40.0,400.0,2024-08-17
50470,1,1007,1,45.0,45.0,2024-06-15
50471,2,1012,9,40.0,360.0,2024-10-03
50472,5,1012,9,40.0,360.0,2024-08-19
50473,3,1010,8,25.0,200.0,2024-08-21
50474,2,1005,2,185.0,370.0,2024-02-29
50475,1,1009,8,85.0,680.0,2024-01-16
50476,3,1006,5,120.0,600.0,2024-09-23
50477,5,1002,5,35.0,175.0,2024-03-20
50478,3,1006,9,120.0,1080.0,2024-11-24
50479,4,1005,10,185.0,1850.0,2024-06-22
50480,1,1005,1,185.0,185.0,2024-11-26
50481,3,1010,10,25.0,250.0,2024-04-23
50482,4,1011,6,30.0,180.0,2024-11-14
50483,2,1011,4,30.0,120.0,2024-08-09
50484,3,1007,1,45.0,45.0,2024-01-09
50485,3,1005,8,185.0,1480.0,2024-09-26
50486,4,1002,10,35.0,350.0,2024-12-07
50487,3,1001,9,450.0,4050.0,2024-09-04
50488,5,1003,4,55.0,220.0,2024-07-10
50489,2,1001,1,450.0,450.0,2024-05-13
50490,2,1008,4,65.0,260.0,2024-09-08
50491,2,1013,1,120.0,120.0,2024-04-11
50492,3,1002,1,35.0,35.0,2024-05-09
50493,4,1012,3,40.0,120.0,2024-12-04
50494,4,1011,7,30.0,210.0,2024-11-19
50495,3,1003,10,55.0,550.0,2024-05-11
50496,1,1007,9,45.0,405.0,2024-03-22
50497,3,1014,8,35.0,280.0,2024-04-18
50498,5,1009,10,85.0,850.0,2024-08-14
50499,1,1010,3,25.0,75.0,2024-05-01
50500,4,1003,4,55.0,220.0,2024-07-18
60500,4,1003,4,55.0,220.0,2024-07-18
50501,5,1009,4,85.0,340.0,2024-11-12
50502,1,1014,6,35.0,210.0,2024-10-06
50503,1,1005,10,185.0,1850.0,2024-03-20
50504,4,1006,2,120.0,240.0,2024-09-11
50505,5,1014,3,35.0,105.0,2024-06-28
50506,5,1009,7,85.0,595.0,2024-11-18
50507,5,1002,6,35.0,210.0,2024-08-23
50508,2,1010,4,25.0,100.0,2024-03-12
50509,2,1011,9,30.0,270.0,2024-04-27
50510,5,1003,9,55.0,495.0,2024-06-01
50511,2,1008,5,65.0,325.0,2024-10-18
50512,4,1011,4,30.0,120.0,2024-12-16
50513,2,1003,9,55.0,495.0,2024-08-15
50514,1,1005,7,185.0,1295.0,2024-11-06
50515,4,1012,10,40.0,400.0,2024-03-30
50516,1,1014,4,35.0,140.0,2024-06-11
50517,5,1005,4,185.0,740.0,2024-03-08
50518,4,1011,8,30.0,240.0,2024-07-30
50519,4,1003,2,55.0,110.0,2024-12-24
50520,1,1005,2,185.0,370.0,2024-06-06
50521,2,1013,3,120.0,360.0,2024-02-19
50522,4,1009,8,85.0,680.0,2024-04-27
50523,2,1005,9,185.0,1665.0,2024-06-11
50524,3,1007,4,45.0,180.0,2024-12-16
50525,1,1008,7,65.0,455.0,2024-12-14
50526,1,1009,4,85.0,340.0,2024-04-08
50527,3,1001,1,450.0,450.0,2024-08-22
50528,5,1005,7,185.0,1295.0,2024-05-16
50529,3,1011,2,30.0,60.0,2024-11-04
50530,3,1001,4,450.0,1800.0,2024-03-09
50531,3,1012,7,40.0,280.0,2024-06-01
50532,5,1012,3,40.0,120.0,2024-01-20
50533,1,1005,10,185.0,1850.0,2024-04-05
50534,4,1011,4,30.0,120.0,2024-06-07
50535,2,1012,7,40.0,280.0,2024-10-16
50536,1,1007,4,45.0,180.0,2024-07-02
50537,1,1006,6,120.0,720.0,2024-02-18
50538,3,1005,1,185.0,185.0,2024-09-10
50539,5,1006,3,120.0,360.0,2024-12-09
50540,4,1001,6,450.0,2700.0,2024-05-09
50541,4,1001,6,450.0,2700.0,2024-01-17
50542,5,1013,4,120.0,480.0,2024-07-24
50543,3,1013,7,120.0,840.0,2024-07-16
50544,3,1007,2,45.0,90.0,2024-06-25
50545,4,1002,2,35.0,70.0,2024-06-09
50546,2,1013,9,120.0,1080.0,2024-12-23
50547,1,1013,3,120.0,360.0,2024-07-15
50548,3,1012,6,40.0,240.0,2024-08-30
50549,5,1007,10,45.0,450.0,2024-03-31
50550,5,1014,9,35.0,315.0,2024-07-18
50551,4,1011,6,30.0,180.0,2024-09-21
50552,3,1012,9,40.0,360.0,2024-12-06
50553,5,1003,8,55.0,440.0,2024-12-19
50554,1,1001,4,450.0,1800.0,2024-07-15
50555,5,1013,3,120.0,360.0,2024-09-15
50556,1,1001,5,450.0,2250.0,2024-01-25
50557,5,1004,3,180.0,540.0,2024-01-31
50558,3,1005,6,185.0,1110.0,2024-01-05
50559,1,1006,7,120.0,840.0,2024-08-15
50560,5,1014,10,35.0,350.0,2024-06-29
50561,4,1004,5,180.0,900.0,2024-02-15
50562,4,1009,8,85.0,680.0,2024-12-16
50563,3,1004,8,180.0,1440.0,2024-02-25
50564,5,1006,7,120.0,840.0,2024-06-09
50565,3,1010,10,25.0,250.0,2024-07-07
50566,3,1010,6,25.0,150.0,2024-08-19
50567,5,1012,5,40.0,200.0,2024-09-20
50568,4,1004,4,180.0,720.0,2024-03-27
50569,3,1012,9,40.0,360.0,2024-10-29
50570,5,1011,1,30.0,30.0,2024-11-13
50571,2,1006,8,120.0,960.0,2024-01-14
50572,3,1005,6,185.0,1110.0,2024-01-27
50573,5,1011,4,30.0,120.0,2024-01-23
50574,5,1014,9,35.0,315.0,2024-06-27
50575,1,1001,2,450.0,900.0,2024-05-23
50576,4,1009,3,85.0,255.0,2024-06-08
50577,4,1014,1,35.0,35.0,2024-03-16
50578,5,1011,10,30.0,300.0,2024-09-19
50579,2,1003,7,55.0,385.0,2024-04-03
50580,4,1013,4,120.0,480.0,2024-11-24
50581,1,1010,4,25.0,100.0,2024-01-16
50582,3,1009,8,85.0,680.0,2024-07-01
50583,5,1010,9,25.0,225.0,2024-08-19
50584,3,1008,1,65.0,65.0,2024-05-05
50585,5,1014,8,35.0,280.0,2024-10-20
50586,3,1013,4,120.0,480.0,2024-03-27
50587,2,1006,10,120.0,1200.0,2024-06-19
50588,2,1002,3,35.0,105.0,2024-07-24
50589,3,1012,7,40.0,280.0,2024-03-21
50590,5,1001,8,450.0,3600.0,2024-04-11
50591,4,1002,1,35.0,35.0,2024-01-26
50592,3,1003,7,55.0,385.0,2024-03-23
50593,4,1012,3,40.0,120.0,2024-01-10
50594,1,1009,7,85.0,595.0,2024-09-16
50595,2,1011,8,30.0,240.0,2024-04-23
50596,3,1007,3,45.0,135.0,2024-02-21
50597,5,1006,10,120.0,1200.0,2024-01-05
50598,3,1012,3,40.0,120.0,2024-04-20
50599,3,1009,2,85.0,170.0,2024-08-29
50600,3,1006,3,120.0,360.0,2024-04-08
50601,4,1006,4,120.0,480.0,2024-07-24
50602,4,1012,2,40.0,80.0,2024-06-25
50603,1,1011,7,30.0,210.0,2024-08-26
50604,1,1003,3,55.0,165.0,2024-08-26
50605,4,1014,5,35.0,175.0,2024-09-28
50606,5,1002,9,35.0,315.0,2024-05-31
50607,3,1005,4,185.0,740.0,2024-12-08
50608,3,1001,7,450.0,3150.0,2024-11-18
50609,5,1011,5,30.0,150.0,2024-11-06
50610,2,1008,6,65.0,390.0,2024-08-25
50611,4,1003,8,55.0,440.0,2024-12-06
50612,3,1007,8,45.0,360.0,2024-10-20
50613,5,1003,6,55.0,330.0,2024-03-08
50614,5,1014,9,35.0,315.0,2024-08-14
50615,4,1012,4,40.0,160.0,2024-01-24
50616,4,1013,10,120.0,1200.0,2024-01-19
50617,2,1004,6,180.0,1080.0,2024-03-02
50618,4,1002,5,35.0,175.0,2024-01-26
50619,2,1014,7,35.0,245.0,2024-12-19
50620,3,1012,3,40.0,120.0,2024-03-16
50621,2,1003,6,55.0,330.0,2024-07-04
50622,4,1010,2,25.0,50.0,2024-09-11
50623,1,1003,7,55.0,385.0,2024-12-03
50624,5,1004,9,180.0,1620.0,2024-04-20
50625,5,1002,10,35.0,350.0,2024-05-24
50626,5,1001,3,450.0,1350.0,2024-08-24
50627,3,1013,8,120.0,960.0,2024-10-01
50628,2,1007,6,45.0,270.0,2024-08-24
50629,5,1005,5,185.0,925.0,2024-05-11
50630,4,1008,3,65.0,195.0,2024-06-06
50631,3,1006,10,120.0,1200.0,2024-08-25
50632,5,1013,6,120.0,720.0,2024-09-30
50633,1,1011,1,30.0,30.0,2024-08-10
50634,4,1008,7,65.0,455.0,2024-12-16
50635,1,1009,4,85.0,340.0,2024-05-06
50636,5,1007,3,45.0,135.0,2024-03-11
50637,2,1014,7,35.0,245.0,2024-01-22
50638,4,1010,4,25.0,100.0,2024-04-14
50639,5,1005,10,185.0,1850.0,2024-02-08
50640,2,1005,10,185.0,1850.0,2024-01-19
50641,3,1008,8,65.0,520.0,2024-01-18
50642,2,1006,10,120.0,1200.0,2024-04-21
50643,1,1014,8,35.0,280.0,2024-02-04
50644,5,1006,10,120.0,1200.0,2024-03-27
50645,4,1009,2,85.0,170.0,2024-07-05
50646,1,1006,2,120.0,240.0,2024-11-12
50647,2,1010,4,25.0,100.0,2024-03-31
50648,1,1010,8,25.0,200.0,2024-11-25
50649,1,1013,9,120.0,1080.0,2024-07-02
50650,2,1010,3,25.0,75.0,2024-03-24
50651,5,1012,2,40.0,80.0,2024-05-27
50652,4,1001,6,450.0,2700.0,2024-12-24
50653,4,1001,5,450.0,2250.0,2024-12-16
50654,5,1002,9,35.0,315.0,2024-08-12
50655,1,1009,5,85.0,425.0,2024-01-29
50656,5,1006,7,120.0,840.0,2024-06-25
50657,5,1002,7,35.0,245.0,2024-02-19
50658,1,1003,7,55.0,385.0,2024-01-30
50659,3,1008,5,65.0,325.0,2024-08-13
50660,3,1012,5,40.0,200.0,2024-01-22
50661,1,1009,5,85.0,425.0,2024-12-28
50662,2,1006,3,120.0,360.0,2024-01-25
50663,5,1002,9,35.0,315.0,2024-03-29
50664,3,1004,5,180.0,900.0,2024-12-16
50665,3,1007,1,45.0,45.0,2024-01-31
50666,4,1006,1,120.0,120.0,2024-07-25
50667,2,1002,6,35.0,210.0,2024-05-13
50668,5,1004,1,180.0,180.0,2024-09-04
50669,5,1014,3,35.0,105.0,2024-09-22
50670,5,1003,1,55.0,55.0,2024-05-08
50671,4,1012,10,40.0,400.0,2024-06-01
50672,1,1012,10,40.0,400.0,2024-02-15
50673,4,1010,5,25.0,125.0,2024-09-30
50674,4,1005,2,185.0,370.0,2024-08-11
50675,4,1012,8,40.0,320.0,2024-06-23
50676,4,1004,3,180.0,540.0,2024-07-13
50677,4,1006,7,120.0,840.0,2024-01-05
50678,3,1008,7,65.0,455.0,2024-11-13
50679,5,1008,6,65.0,390.0,2024-10-02
50680,5,1003,4,55.0,220.0,2024-06-26
50681,1,1002,1,35.0,35.0,2024-09-29
50682,4,1013,7,120.0,840.0,2024-02-28
50683,2,1009,4,85.0,340.0,2024-04-22
50684,3,1012,6,40.0,240.0,2024-08-15
50685,2,1003,2,55.0,110.0,2024-03-27
50686,5,1005,9,185.0,1665.0,2024-01-08
50687,5,1012,5,40.0,200.0,2024-01-18
50688,2,1011,10,30.0,300.0,2024-08-08
50689,2,1007,1,45.0,45.0,2024-10-23
50690,5,1003,2,55.0,110.0,2024-10-15
50691,4,1011,10,30.0,300.0,2024-02-17
50692,4,1009,8,85.0,680.0,2024-06-25
50693,3,1008,6,65.0,390.0,2024-04-12
50694,1,1005,1,185.0,185.0,2024-04-04
50695,1,1010,4,25.0,100.0,2024-07-13
50696,3,1001,9,450.0,4050.0,2024-03-13
50697,1,1013,4,120.0,480.0,2024-10-04
50698,2,1007,8,45.0,360.0,2024-04-26
50699,2,1009,8,85.0,680.0,2024-10-14
50700,3,1006,9,120.0,1080.0,2024-07-01
50701,2,1006,7,120.0,840.0,2024-02-22
50702,2,1008,10,65.0,650.0,2024-09-16
50703,5,1007,4,45.0,180.0,2024-05-13
50704,1,1002,5,35.0,175.0,2024-11-17
50705,3,1006,10,120.0,1200.0,2024-09-08
50706,2,1003,9,55.0,495.0,2024-01-26
50707,4,1013,8,120.0,960.0,2024-05-16
50708,1,1001,6,450.0,2700.0,2024-01-29
50709,4,1009,2,85.0,170.0,2024-07-13
50710,1,1012,6,40.0,240.0,2024-05-13
50711,4,1012,8,40.0,320.0,2024-01-19
50712,5,1001,8,450.0,3600.0,2024-01-30
50713,1,1009,7,85.0,595.0,2024-01-13
50714,5,1011,1,30.0,30.0,2024-04-18
50715,3,1006,8,120.0,960.0,2024-05-04
50716,2,1011,3,30.0,90.0,2024-02-23
50717,1,1009,2,85.0,170.0,2024-12-05
50718,5,1008,1,65.0,65.0,2024-05-24
50719,4,1010,4,25.0,100.0,2024-09-16
50720,3,1002,3,35.0,105.0,2024-01-25
50721,3,1008,6,65.0,390.0,2024-05-28
50722,3,1005,3,185.0,555.0,2024-05-26
50723,1,1001,10,450.0,4500.0,2024-05-06
50724,5,1011,4,30.0,120.0,2024-07-17
50725,2,1009,5,85.0,425.0,2024-03-26
50726,4,1004,1,180.0,180.0,2024-12-20
50727,5,1004,6,180.0,1080.0,2024-06-14
50728,5,1010,7,25.0,175.0,2024-04-12
50729,2,1013,10,120.0,1200.0,2024-07-31
50730,1,1011,8,30.0,240.0,2024-05-10
50731,4,1006,1,120.0,120.0,2024-04-21
50732,1,1012,9,40.0,360.0,2024-12-17
50733,4,1011,2,30.0,60.0,2024-01-01
50734,3,1010,9,25.0,225.0,2024-01-08
50735,4,1006,4,120.0,480.0,2024-07-06
50736,3,1012,4,40.0,160.0,2024-01-04
50737,4,1011,9,30.0,270.0,2024-03-18
50738,4,1007,3,45.0,135.0,2024-06-24
50739,2,1001,1,450.0,450.0,2024-10-28
50740,4,1002,10,35.0,350.0,2024-09-25
50741,2,1004,3,180.0,540.0,2024-08-05
50742,3,1014,10,35.0,350.0,2024-10-27
50743,3,1004,3,180.0,540.0,2024-12-03
50744,3,1001,8,450.0,3600.0,2024-03-16
50745,4,1009,9,85.0,765.0,2024-09-20
50746,4,1007,3,45.0,135.0,2024-06-03
50747,1,1011,10,30.0,300.0,2024-08-11
50748,3,1004,6,180.0,1080.0,2024-05-15
50749,5,1010,7,25.0,175.0,2024-05-29
50750,5,1011,8,30.0,240.0,2024-08-26
50751,1,1009,8,85.0,680.0,2024-05-15
50752,3,1002,3,35.0,105.0,2024-03-03
50753,2,1006,6,120.0,720.0,2024-09-26
50754,2,1014,10,35.0,350.0,2024-03-06
50755,4,1005,8,185.0,1480.0,2024-01-06
50756,1,1013,4,120.0,480.0,2024-04-16
50757,2,1006,6,120.0,720.0,2024-12-09
50758,2,1005,4,185.0,740.0,2024-11-19
50759,1,1003,4,55.0,220.0,2024-03-17
50760,3,1009,5,85.0,425.0,2024-02-02
50761,3,1007,3,45.0,135.0,2024-04-20
50762,5,1014,4,35.0,140.0,2024-06-23
50763,4,1008,1,65.0,65.0,2024-02-05
50764,4,1002,9,35.0,315.0,2024-08-21
50765,1,1012,10,40.0,400.0,2024-10-04
50766,4,1013,10,120.0,1200.0,2024-09-26
50767,5,1008,1,65.0,65.0,2024-05-04
50768,3,1001,10,450.0,4500.0,2024-12-15
50769,1,1005,10,185.0,1850.0,2024-08-19
50770,3,1007,6,45.0,270.0,2024-05-24
50771,5,1003,4,55.0,220.0,2024-09-02
50772,2,1003,1,55.0,55.0,2024-05-02
50773,5,1002,8,35.0,280.0,2024-04-23
50774,3,1004,8,180.0,1440.0,2024-02-05
50775,2,1014,9,35.0,315.0,2024-03-17
50776,3,1007,8,45.0,360.0,2024-11-19
50777,2,1002,6,35.0,210.0,2024-03-28
50778,1,1004,10,180.0,1800.0,2024-10-25
50779,1,1010,7,25.0,175.0,2024-09-12
50780,3,1012,10,40.0,400.0,2024-09-23
50781,2,1003,4,55.0,220.0,2024-03-06
50782,3,1002,3,35.0,105.0,2024-12-22
50783,1,1008,10,65.0,650.0,2024-09-04
50784,3,1013,10,120.0,1200.0,2024-05-28
50785,4,1009,1,85.0,85.0,2024-07-13
50786,4,1002,8,35.0,280.0,2024-04-13
50787,1,1006,3,120.0,360.0,2024-04-03
50788,4,1004,7,180.0,1260.0,2024-03-19
50789,3,1002,3,35.0,105.0,2024-02-07
50790,5,1010,9,25.0,225.0,2024-11-13
50791,3,1008,10,65.0,650.0,2024-01-05
50792,1,1006,4,120.0,480.0,2024-08-28
50793,4,1006,6,120.0,720.0,2024-12-20
50794,2,1010,9,25.0,225.0,2024-05-04
50795,4,1012,10,40.0,400.0,2024-01-23
50796,1,1011,1,30.0,30.0,2024-03-26
50797,3,1008,1,65.0,65.0,2024-10-08
50798,2,1014,7,35.0,245.0,2024-09-23
50799,1,1011,1,30.0,30.0,2024-05-01
50800,2,1009,10,85.0,850.0,2024-11-15
50801,5,1010,5,25.0,125.0,2024-12-26
50802,1,1008,4,65.0,260.0,2024-11-18
50803,3,1014,9,35.0,315.0,2024-01-12
50804,1,1006,2,120.0,240.0,2024-09-19
50805,4,1009,8,85.0,680.0,2024-03-21
50806,1,1001,3,450.0,1350.0,2024-01-26
50807,3,1003,10,55.0,550.0,2024-12-09
50808,1,1011,4,30.0,120.0,2024-03-07
50809,2,1004,3,180.0,540.0,2024-05-26
50810,4,1014,3,35.0,105.0,2024-10-28
50811,4,1005,2,185.0,370.0,2024-12-06
50812,5,1008,7,65.0,455.0,2024-06-24
50813,3,1012,3,40.0,120.0,2024-11-17
50814,5,1004,8,180.0,1440.0,2024-08-28
50815,2,1003,2,55.0,110.0,2024-01-24
50816,5,1004,7,180.0,1260.0,2024-05-19
50817,4,1002,7,35.0,245.0,2024-04-07
50818,3,1014,7,35.0,245.0,2024-11-07
50819,2,1002,10,35.0,350.0,2024-08-11
50820,4,1001,4,450.0,1800.0,2024-07-23
50821,5,1003,3,55.0,165.0,2024-12-02
50822,3,1002,3,35.0,105.0,2024-03-13
50823,2,1013,4,120.0,480.0,2024-10-04
50824,2,1013,1,120.0,120.0,2024-10-28
50825,5,1007,7,45.0,315.0,2024-05-09
50826,2,1004,4,180.0,720.0,2024-01-04
50827,5,1007,8,45.0,360.0,2024-12-16
50828,1,1009,7,85.0,595.0,2024-03-23
50829,5,1004,4,180.0,720.0,2024-02-29
50830,3,1010,4,25.0,100.0,2024-03-15
50831,5,1011,6,30.0,180.0,2024-10-30
50832,2,1011,7,30.0,210.0,2024-12-17
50833,4,1010,6,25.0,150.0,2024-12-30
50834,3,1009,8,85.0,680.0,2024-02-06
50835,4,1011,7,30.0,210.0,2024-01-06
50836,4,1010,1,25.0,25.0,2024-10-01
50837,2,1005,4,185.0,740.0,2024-05-26
50838,3,1004,1,180.0,180.0,2024-09-04
50839,2,1007,7,45.0,315.0,2024-06-25
50840,5,1013,4,120.0,480.0,2024-01-02
50841,4,1013,7,120.0,840.0,2024-02-04
50842,2,1007,8,45.0,360.0,2024-01-20
50843,4,1007,6,45.0,270.0,2024-12-22
50844,5,1012,5,40.0,200.0,2024-08-29
50845,5,1001,9,450.0,4050.0,2024-05-10
50846,1,1010,4,25.0,100.0,2024-08-09
50847,2,1013,9,120.0,1080.0,2024-10-07
50848,1,1002,10,35.0,350.0,2024-06-17
50849,5,1007,6,45.0,270.0,2024-08-31
50850,5,1003,5,55.0,275.0,2024-06-07
50851,5,1013,8,120.0,960.0,2024-11-15
50852,3,1012,8,40.0,320.0,2024-08-19
50853,5,1006,9,120.0,1080.0,2024-11-03
50854,1,1010,4,25.0,100.0,2024-05-11
50855,4,1006,7,120.0,840.0,2024-12-19
50856,5,1012,4,40.0,160.0,2024-05-10
50857,1,1006,3,120.0,360.0,2024-04-12
50858,1,1005,4,185.0,740.0,2024-07-24
50859,5,1011,5,30.0,150.0,2024-09-26
50860,1,1002,5,35.0,175.0,2024-02-04
50861,2,1012,3,40.0,120.0,2024-02-09
50862,5,1010,10,25.0,250.0,2024-12-07
50863,3,1007,9,45.0,405.0,2024-08-09
50864,2,1002,1,35.0,35.0,2024-07-24
50865,3,1008,5,65.0,325.0,2024-01-13
50866,1,1008,8,65.0,520.0,2024-04-02
50867,1,1005,4,185.0,740.0,2024-05-10
50868,1,1011,9,30.0,270.0,2024-03-13
50869,1,1002,2,35.0,70.0,2024-05-12
50870,1,1014,9,35.0,315.0,2024-12-25
50871,5,1006,2,120.0,240.0,2024-12-03
50872,2,1008,6,65.0,390.0,2024-11-20
50873,5,1013,10,120.0,1200.0,2024-09-09
50874,1,1012,2,40.0,80.0,2024-08-26
50875,1,1001,1,450.0,450.0,2024-10-16
50876,3,1004,6,180.0,1080.0,2024-10-13
50877,4,1013,2,120.0,240.0,2024-10-07
50878,5,1007,8,45.0,360.0,2024-03-26
50879,4,1013,1,120.0,120.0,2024-05-08
50880,2,1003,4,55.0,220.0,2024-03-17
50881,1,1007,3,45.0,135.0,2024-12-13
50882,5,1010,5,25.0,125.0,2024-07-08
50883,3,1007,4,45.0,180.0,2024-11-28
50884,1,1009,8,85.0,680.0,2024-09-09
50885,3,1011,8,30.0,240.0,2024-02-14
50886,3,1001,2,450.0,900.0,2024-05-26
50887,4,1005,10,185.0,1850.0,2024-10-14
50888,2,1006,5,120.0,600.0,2024-08-31
50889,1,1005,8,185.0,1480.0,2024-12-15
50890,2,1014,8,35.0,280.0,2024-09-20
50891,4,1014,2,35.0,70.0,2024-07-24
50892,3,1004,6,180.0,1080.0,2024-06-07
50893,5,1014,10,35.0,350.0,2024-03-26
50894,1,1003,1,55.0,55.0,2024-04-30
50895,4,1002,3,35.0,105.0,2024-02-14
50896,1,1002,6,35.0,210.0,2024-10-13
50897,4,1002,4,35.0,140.0,2024-01-01
50898,4,1012,1,40.0,40.0,2024-11-02
50899,2,1006,6,120.0,720.0,2024-09-03
50900,4,1004,1,180.0,180.0,2024-02-15
50901,1,1012,7,40.0,280.0,2024-12-26
50902,2,1009,8,85.0,680.0,2024-05-10
50903,2,1014,5,35.0,175.0,2024-09-17
50904,2,1005,5,185.0,925.0,2024-11-17
50905,3,1010,10,25.0,250.0,2024-10-22
50906,4,1013,1,120.0,120.0,2024-10-04
50907,3,1013,4,120.0,480.0,2024-03-12
50908,1,1004,6,180.0,1080.0,2024-01-17
50909,4,1001,1,450.0,450.0,2024-08-04
50910,4,1013,8,120.0,960.0,2024-07-12
50911,2,1007,1,45.0,45.0,2024-08-21
50912,2,1010,7,25.0,175.0,2024-11-27
50913,2,1002,10,35.0,350.0,2024-09-02
50914,5,1007,6,45.0,270.0,2024-03-04
50915,4,1010,5,25.0,125.0,2024-11-21
50916,3,1004,7,180.0,1260.0,2024-01-17
50917,5,1009,9,85.0,765.0,2024-04-13
50918,2,1013,3,120.0,360.0,2024-08-27
50919,3,1002,10,35.0,350.0,2024-05-21
50920,2,1004,1,180.0,180.0,2024-02-07
50921,2,1013,7,120.0,840.0,2024-09-04
50922,2,1001,8,450.0,3600.0,2024-09-23
50923,2,1002,7,35.0,245.0,2024-01-03
50924,2,1002,3,35.0,105.0,2024-03-09
50925,2,1014,6,35.0,210.0,2024-11-11
50926,2,1014,6,35.0,210.0,2024-10-31
50927,5,1014,6,35.0,210.0,2024-08-03
50928,1,1007,2,45.0,90.0,2024-07-03
50929,1,1013,5,120.0,600.0,2024-09-18
50930,5,1004,9,180.0,1620.0,2024-02-29
50931,4,1011,4,30.0,120.0,2024-12-07
50932,1,1008,2,65.0,130.0,2024-12-06
50933,3,1008,1,65.0,65.0,2024-05-15
50934,3,1012,8,40.0,320.0,2024-09-22
50935,2,1008,8,65.0,520.0,2024-03-06
50936,2,1005,8,185.0,1480.0,2024-12-17
50937,3,1005,7,185.0,1295.0,2024-11-10
50938,3,1001,10,450.0,4500.0,2024-01-15
50939,4,1012,8,40.0,320.0,2024-07-06
50940,5,1013,5,120.0,600.0,2024-06-05
50941,5,1008,6,65.0,390.0,2024-05-28
50942,2,1010,1,25.0,25.0,2024-01-10
50943,5,1013,3,120.0,360.0,2024-12-23
50944,4,1001,9,450.0,4050.0,2024-09-03
50945,4,1002,9,35.0,315.0,2024-01-03
50946,5,1005,5,185.0,925.0,2024-02-25
50947,5,1002,4,35.0,140.0,2024-01-21
50948,5,1012,7,40.0,280.0,2024-02-03
50949,2,1003,3,55.0,165.0,2024-12-26
50950,3,1009,2,85.0,170.0,2024-04-22
50951,4,1010,4,25.0,100.0,2024-04-29
50952,5,1004,10,180.0,1800.0,2024-12-06
50953,2,1007,7,45.0,315.0,2024-09-12
50954,5,1014,10,35.0,350.0,2024-07-02
50955,4,1007,4,45.0,180.0,2024-04-13
50956,2,1007,2,45.0,90.0,2024-02-18
50957,4,1008,1,65.0,65.0,2024-09-09
50958,2,1008,10,65.0,650.0,2024-01-20
50959,2,1009,1,85.0,85.0,2024-11-07
50960,4,1012,3,40.0,120.0,2024-01-08
50961,2,1014,10,35.0,350.0,2024-05-27
50962,2,1011,10,30.0,300.0,2024-10-26
50963,4,1007,2,45.0,90.0,2024-03-07
50964,5,1004,1,180.0,180.0,2024-01-01
50965,3,1009,6,85.0,510.0,2024-02-29
50966,1,1004,7,180.0,1260.0,2024-05-31
50967,1,1001,9,450.0,4050.0,2024-07-29
50968,3,1002,4,35.0,140.0,2024-02-20
50969,4,1012,10,40.0,400.0,2024-09-01
50970,4,1008,10,65.0,650.0,2024-12-07
50971,4,1001,10,450.0,4500.0,2024-05-16
50972,3,1013,5,120.0,600.0,2024-10-09
50973,2,1003,10,55.0,550.0,2024-06-07
50974,5,1005,9,185.0,1665.0,2024-03-26
50975,2,1007,9,45.0,405.0,2024-05-16
50976,3,1009,4,85.0,340.0,2024-07-16
50977,2,1009,3,85.0,255.0,2024-04-02
50978,3,1007,8,45.0,360.0,2024-07-17
50979,4,1006,8,120.0,960.0,2024-03-08
50980,2,1009,4,85.0,340.0,2024-07-28
50981,4,1011,7,30.0,210.0,2024-10-09
50982,5,1007,9,45.0,405.0,2024-03-11
50983,5,1004,1,180.0,180.0,2024-08-22
50984,3,1004,8,180.0,1440.0,2024-04-28
50985,3,1006,2,120.0,240.0,2024-09-27
50986,5,1005,5,185.0,925.0,2024-05-01
50987,2,1011,10,30.0,300.0,2024-10-15
50988,5,1006,2,120.0,240.0,2024-11-29
50989,3,1006,5,120.0,600.0,2024-11-09
50990,4,1005,2,185.0,370.0,2024-07-02
50991,5,1013,8,120.0,960.0,2024-10-22
50992,4,1007,4,45.0,180.0,2024-11-04
50993,4,1013,7,120.0,840.0,2024-04-18
50994,3,1003,10,55.0,550.0,2024-10-23
50995,2,1008,4,65.0,260.0,2024-07-14
50996,2,1004,10,180.0,1800.0,2024-12-23
50997,2,1005,1,185.0,185.0,2024-08-18
50998,3,1008,7,65.0,455.0,2024-07-10
50999,2,1006,3,120.0,360.0,2024-08-23
51000,3,1014,10,35.0,350.0,2024-07-19
61000,3,1014,10,35.0,350.0,2024-07-19
51001,5,1008,2,65.0,130.0,2024-09-09
51002,2,1003,7,55.0,385.0,2024-04-18
51003,2,1001,5,450.0,2250.0,2024-05-07
51004,1,1009,6,85.0,510.0,2024-02-10
51005,5,1010,5,25.0,125.0,2024-03-15
51006,2,1002,2,35.0,70.0,2024-02-16
51007,4,1007,5,45.0,225.0,2024-12-18
51008,3,1011,3,30.0,90.0,2024-04-24
51009,3,1014,8,35.0,280.0,2024-06-19
51010,2,1005,1,185.0,185.0,2024-10-13
51011,4,1009,6,85.0,510.0,2024-08-19
51012,2,1004,6,180.0,1080.0,2024-02-27
51013,1,1004,9,180.0,1620.0,2024-12-28
51014,2,1006,2,120.0,240.0,2024-06-18
51015,5,1004,4,180.0,720.0,2024-07-30
51016,3,1010,4,25.0,100.0,2024-02-14
51017,4,1008,4,65.0,260.0,2024-10-01
51018,4,1014,8,35.0,280.0,2024-11-21
51019,2,1007,7,45.0,315.0,2024-07-05
51020,3,1006,10,120.0,1200.0,2024-11-16
51021,1,1010,2,25.0,50.0,2024-09-11
51022,1,1001,4,450.0,1800.0,2024-10-26
51023,4,1007,9,45.0,405.0,2024-09-26
51024,3,1011,9,30.0,270.0,2024-11-21
51025,5,1008,6,65.0,390.0,2024-03-29
51026,1,1005,3,185.0,555.0,2024-04-27
51027,5,1008,10,65.0,650.0,2024-04-01
51028,5,1005,6,185.0,1110.0,2024-11-22
51029,5,1006,6,120.0,720.0,2024-10-05
51030,1,1007,4,45.0,180.0,2024-10-05
51031,4,1010,3,25.0,75.0,2024-03-15
51032,1,1006,1,120.0,120.0,2024-05-03
51033,3,1001,10,450.0,4500.0,2024-03-21
51034,1,1008,2,65.0,130.0,2024-05-31
51035,4,1003,5,55.0,275.0,2024-10-28
51036,4,1010,7,25.0,175.0,2024-03-24
51037,3,1007,4,45.0,180.0,2024-11-01
51038,2,1008,6,65.0,390.0,2024-01-03
51039,4,1003,1,55.0,55.0,2024-05-12
51040,1,1014,2,35.0,70.0,2024-06-08
51041,2,1003,6,55.0,330.0,2024-04-24
51042,5,1002,3,35.0,105.0,2024-02-16
51043,3,1007,7,45.0,315.0,2024-11-08
51044,5,1013,9,120.0,1080.0,2024-09-14
51045,2,1007,6,45.0,270.0,2024-06-05
51046,2,1010,4,25.0,100.0,2024-01-02
51047,1,1004,8,180.0,1440.0,2024-04-26
51048,1,1003,7,55.0,385.0,2024-02-21
51049,5,1001,6,450.0,2700.0,2024-06-18
51050,3,1007,10,45.0,450.0,2024-04-05
51051,3,1002,1,35.0,35.0,2024-09-17
51052,5,1002,2,35.0,70.0,2024-03-29
51053,1,1009,2,85.0,170.0,2024-02-15
51054,5,1004,5,180.0,900.0,2024-12-14
51055,5,1004,2,180.0,360.0,2024-09-05
51056,5,1014,5,35.0,175.0,2024-12-18
51057,4,1014,1,35.0,35.0,2024-10-23
51058,2,1004,1,180.0,180.0,2024-03-16
51059,2,1003,6,55.0,330.0,2024-03-27
51060,3,1002,1,35.0,35.0,2024-07-25
51061,3,1009,10,85.0,850.0,2024-09-26
51062,5,1007,10,45.0,450.0,2024-10-07
51063,1,1013,6,120.0,720.0,2024-01-28
51064,3,1014,5,35.0,175.0,2024-04-16
51065,3,1007,4,45.0,180.0,2024-03-17
51066,4,1004,9,180.0,1620.0,2024-01-13
51067,5,1004,9,180.0,1620.0,2024-06-23
51068,2,1014,3,35.0,105.0,2024-12-30
51069,5,1004,4,180.0,720.0,2024-07-11
51070,3,1003,5,55.0,275.0,2024-08-22
51071,3,1006,3,120.0,360.0,2024-02-11
51072,5,1009,5,85.0,425.0,2024-05-18
51073,1,1003,6,55.0,330.0,2024-06-23
51074,4,1013,1,120.0,120.0,2024-01-15
51075,1,1006,9,120.0,1080.0,2024-02-16
51076,5,1003,2,55.0,110.0,2024-09-03
51077,5,1013,4,120.0,480.0,2024-01-03
51078,4,1011,5,30.0,150.0,2024-12-03
51079,2,1007,6,45.0,270.0,2024-01-14
51080,2,1008,4,65.0,260.0,2024-01-06
51081,2,1011,8,30.0,240.0,2024-06-04
51082,5,1002,9,35.0,315.0,2024-06-01
51083,3,1007,2,45.0,90.0,2024-05-16
51084,3,1008,2,65.0,130.0,2024-08-14
51085,5,1010,3,25.0,75.0,2024-07-26
51086,2,1007,4,45.0,180.0,2024-09-17
51087,2,1002,4,35.0,140.0,2024-07-14
51088,1,1011,2,30.0,60.0,2024-03-24
51089,4,1004,9,180.0,1620.0,2024-09-09
51090,3,1002,6,35.0,210.0,2024-08-31
51091,5,1006,7,120.0,840.0,2024-06-09
51092,2,1004,5,180.0,900.0,2024-08-18
51093,4,1011,8,30.0,240.0,2024-11-29
51094,3,1009,4,85.0,340.0,2024-10-03
51095,1,1005,1,185.0,185.0,2024-08-22
51096,2,1002,4,35.0,140.0,2024-12-02
51097,2,1013,8,120.0,960.0,2024-02-21
51098,4,1004,6,180.0,1080.0,2024-03-02
51099,4,1006,5,120.0,600.0,2024-11-30
51100,4,1013,7,120.0,840.0,2024-05-15
51101,4,1006,4,120.0,480.0,2024-07-14
51102,2,1012,3,40.0,120.0,2024-11-20
51103,2,1008,10,65.0,650.0,2024-04-12
51104,2,1009,5,85.0,425.0,2024-08-15
51105,4,1011,1,30.0,30.0,2024-02-09
51106,5,1014,1,35.0,35.0,2024-02-04
51107,3,1005,1,185.0,185.0,2024-01-16
51108,3,1007,5,45.0,225.0,2024-03-28
51109,2,1011,4,30.0,120.0,2024-09-19
51110,4,1007,9,45.0,405.0,2024-08-31
51111,3,1004,5,180.0,900.0,2024-08-09
51112,5,1008,7,65.0,455.0,2024-06-26
51113,1,1010,7,25.0,175.0,2024-08-26
51114,1,1010,9,25.0,225.0,2024-05-19
51115,5,1008,4,65.0,260.0,2024-11-10
51116,4,1011,4,30.0,120.0,2024-01-21
51117,2,1004,9,180.0,1620.0,2024-01-11
51118,5,1013,7,120.0,840.0,2024-11-14
51119,3,1004,4,180.0,720.0,2024-08-03
51120,4,1006,7,120.0,840.0,2024-07-24
51121,3,1014,2,35.0,70.0,2024-10-20
51122,1,1008,9,65.0,585.0,2024-09-30
51123,2,1011,9,30.0,270.0,2024-07-22
51124,4,1008,9,65.0,585.0,2024-08-07
51125,2,1005,2,185.0,370.0,2024-05-12
51126,3,1004,1,180.0,180.0,2024-03-14
51127,1,1014,10,35.0,350.0,2024-07-15
51128,3,1011,8,30.0,240.0,2024-08-28
51129,5,1001,4,450.0,1800.0,2024-07-11
51130,2,1001,6,450.0,2700.0,2024-07-06
51131,2,1010,7,25.0,175.0,2024-01-13
51132,3,1003,10,55.0,550.0,2024-03-29
51133,5,1008,6,65.0,390.0,2024-08-12
51134,4,1004,5,180.0,900.0,2024-11-11
51135,1,1012,10,40.0,400.0,2024-09-20
51136,4,1001,3,450.0,1350.0,2024-12-05
51137,3,1004,5,180.0,900.0,2024-10-27
51138,3,1003,4,55.0,220.0,2024-04-13
51139,2,1001,1,450.0,450.0,2024-05-13
51140,1,1012,1,40.0,40.0,2024-08-29
51141,2,1005,5,185.0,925.0,2024-08-09
51142,5,1010,6,25.0,150.0,2024-08-11
51143,1,1007,6,45.0,270.0,2024-08-17
51144,5,1005,5,185.0,925.0,2024-03-15
51145,3,1014,9,35.0,315.0,2024-02-08
51146,3,1001,2,450.0,900.0,2024-03-15
51147,1,1008,6,65.0,390.0,2024-01-29
51148,2,1014,2,35.0,70.0,2024-12-12
51149,2,1011,3,30.0,90.0,2024-10-01
51150,1,1008,3,65.0,195.0,2024-07-24
51151,5,1002,8,35.0,280.0,2024-05-13
51152,4,1003,10,55.0,550.0,2024-09-03
51153,3,1011,8,30.0,240.0,2024-06-26
51154,1,1002,6,35.0,210.0,2024-08-18
51155,2,1004,4,180.0,720.0,2024-11-17
51156,5,1004,4,180.0,720.0,2024-03-20
51157,4,1009,6,85.0,510.0,2024-08-31
51158,2,1008,3,65.0,195.0,2024-06-03
51159,5,1010,3,25.0,75.0,2024-03-09
51160,1,1003,2,55.0,110.0,2024-02-28
51161,5,1010,9,25.0,225.0,2024-08-25
51162,4,1007,8,45.0,360.0,2024-07-10
51163,3,1008,3,65.0,195.0,2024-05-23
51164,4,1014,6,35.0,210.0,2024-07-10
51165,5,1005,8,185.0,1480.0,2024-04-22
51166,3,1006,4,120.0,480.0,2024-02-14
51167,3,1006,4,120.0,480.0,2024-02-11
51168,2,1014,10,35.0,350.0,2024-08-23
51169,3,1007,5,45.0,225.0,2024-09-18
51170,2,1002,1,35.0,35.0,2024-09-14
51171,2,1007,4,45.0,180.0,2024-11-13
51172,5,1008,2,65.0,130.0,2024-08-08
51173,1,1013,4,120.0,480.0,2024-10-22
51174,1,1012,4,40.0,160.0,2024-10-28
51175,2,1014,1,35.0,35.0,2024-07-07
51176,4,1012,5,40.0,200.0,2024-01-26
51177,3,1013,3,120.0,360.0,2024-09-10
51178,3,1004,7,180.0,1260.0,2024-10-13
51179,2,1001,1,450.0,450.0,2024-04-23
51180,4,1010,7,25.0,175.0,2024-10-01
51181,5,1008,5,65.0,325.0,2024-04-21
51182,1,1003,1,55.0,55.0,2024-09-19
51183,1,1009,5,85.0,425.0,2024-01-15
51184,3,1002,10,35.0,350.0,2024-04-20
51185,2,1005,1,185.0,185.0,2024-07-23
51186,3,1014,6,35.0,210.0,2024-03-01
51187,3,1010,6,25.0,150.0,2024-11-21
51188,1,1008,2,65.0,130.0,2024-07-29
51189,1,1009,2,85.0,170.0,2024-03-04
51190,3,1009,10,85.0,850.0,2024-11-29
51191,5,1011,7,30.0,210.0,2024-01-08
51192,1,1014,3,35.0,105.0,2024-02-27
51193,4,1009,7,85.0,595.0,2024-03-11
51194,3,1007,9,45.0,405.0,2024-01-14
51195,4,1001,10,450.0,4500.0,2024-07-01
51196,4,1006,6,120.0,720.0,2024-02-15
51197,4,1008,7,65.0,455.0,2024-10-08
51198,4,1011,3,30.0,90.0,2024-11-01
51199,3,1009,3,85.0,255.0,2024-06-22
51200,3,1005,6,185.0,1110.0,2024-08-11
51201,5,1008,10,65.0,650.0,2024-02-13
51202,5,1012,3,40.0,120.0,2024-03-11
51203,5,1011,3,30.0,90.0,2024-01-20
51204,2,1011,1,30.0,30.0,2024-04-06
51205,3,1012,10,40.0,400.0,2024-11-18
51206,1,1007,6,45.0,270.0,2024-12-17
51207,3,1008,2,65.0,130.0,2024-12-24
51208,3,1005,3,185.0,555.0,2024-01-15
51209,1,1011,1,30.0,30.0,2024-02-10
51210,3,1014,8,35.0,280.0,2024-09-01
51211,1,1002,6,35.0,210.0,2024-09-17
51212,4,1002,9,35.0,315.0,2024-11-14
51213,3,1010,2,25.0,50.0,2024-12-15
51214,5,1009,4,85.0,340.0,2024-09-25
51215,4,1011,1,30.0,30.0,2024-07-09
51216,2,1001,7,450.0,3150.0,2024-01-22
51217,4,1014,10,35.0,350.0,2024-03-29
51218,2,1010,1,25.0,25.0,2024-09-11
51219,5,1013,6,120.0,720.0,2024-09-13
51220,4,1013,6,120.0,720.0,2024-10-07
51221,4,1008,6,65.0,390.0,2024-12-20
51222,2,1012,8,40.0,320.0,2024-09-08
51223,3,1008,6,65.0,390.0,2024-02-06
51224,2,1012,1,40.0,40.0,2024-08-28
51225,3,1013,2,120.0,240.0,2024-08-14
51226,1,1005,3,185.0,555.0,2024-09-07
51227,5,1014,2,35.0,70.0,2024-02-07
51228,1,1004,4,180.0,720.0,2024-01-26
51229,3,1006,10,120.0,1200.0,2024-03-10
51230,2,1012,3,40.0,120.0,2024-07-27
51231,5,1009,2,85.0,170.0,2024-08-12
51232,2,1007,2,45.0,90.0,2024-11-25
51233,1,1009,2,85.0,170.0,2024-09-18
51234,3,1010,6,25.0,150.0,2024-12-20
51235,2,1012,6,40.0,240.0,2024-06-27
51236,1,1008,10,65.0,650.0,2024-08-05
51237,5,1001,3,450.0,1350.0,2024-10-19
51238,5,1004,2,180.0,360.0,2024-08-20
51239,3,1014,6,35.0,210.0,2024-05-09
51240,3,1013,5,120.0,600.0,2024-10-28
51241,5,1004,9,180.0,1620.0,2024-07-30
51242,3,1002,8,35.0,280.0,2024-10-17
51243,5,1012,8,40.0,320.0,2024-01-16
51244,5,1004,8,180.0,1440.0,2024-12-04
51245,3,1004,9,180.0,1620.0,2024-09-20
51246,1,1012,3,40.0,120.0,2024-05-30
51247,1,1001,4,450.0,1800.0,2024-07-20
51248,5,1013,2,120.0,240.0,2024-03-03
51249,2,1002,8,35.0,280.0,2024-07-12
51250,5,1009,2,85.0,170.0,2024-03-07
51251,2,1001,6,450.0,2700.0,2024-06-18
51252,4,1006,9,120.0,1080.0,2024-02-02
51253,2,1008,5,65.0,325.0,2024-07-04
51254,4,1009,10,85.0,850.0,2024-06-16
51255,2,1014,1,35.0,35.0,2024-11-06
51256,1,1005,8,185.0,1480.0,2024-12-20
51257,2,1012,1,40.0,40.0,2024-05-16
51258,4,1013,5,120.0,600.0,2024-04-05
51259,2,1008,1,65.0,65.0,2024-09-27
51260,3,1006,8,120.0,960.0,2024-01-24
51261,1,1001,4,450.0,1800.0,2024-04-01
51262,3,1008,3,65.0,195.0,2024-10-04
51263,3,1013,8,120.0,960.0,2024-02-27
51264,5,1006,5,120.0,600.0,2024-09-10
51265,3,1005,2,185.0,370.0,2024-10-24
51266,2,1007,7,45.0,315.0,2024-10-09
51267,4,1003,3,55.0,165.0,2024-06-11
51268,4,1005,6,185.0,1110.0,2024-05-30
51269,5,1004,6,180.0,1080.0,2024-02-22
51270,5,1004,7,180.0,1260.0,2024-01-08
51271,2,1014,7,35.0,245.0,2024-06-25
51272,3,1013,8,120.0,960.0,2024-05-09
51273,4,1011,10,30.0,300.0,2024-01-08
51274,5,1010,3,25.0,75.0,2024-02-17
51275,2,1007,6,45.0,270.0,2024-09-25
51276,3,1007,3,45.0,135.0,2024-02-13
51277,1,1009,4,85.0,340.0,2024-07-19
51278,3,1002,1,35.0,35.0,2024-01-17
51279,3,1001,8,450.0,3600.0,2024-06-28
51280,5,1002,4,35.0,140.0,2024-09-03
51281,3,1002,1,35.0,35.0,2024-10-20
51282,1,1014,10,35.0,350.0,2024-04-06
51283,3,1010,9,25.0,225.0,2024-03-08
51284,2,1014,8,35.0,280.0,2024-02-04
51285,5,1013,7,120.0,840.0,2024-03-21
51286,1,1014,8,35.0,280.0,2024-03-10
51287,1,1012,6,40.0,240.0,2024-10-28
51288,5,1005,2,185.0,370.0,2024-11-15
51289,3,1005,9,185.0,1665.0,2024-01-08
51290,5,1012,4,40.0,160.0,2024-06-15
51291,5,1014,3,35.0,105.0,2024-09-18
51292,2,1013,3,120.0,360.0,2024-07-16
51293,4,1004,2,180.0,360.0,2024-10-17
51294,1,1010,5,25.0,125.0,2024-07-23
51295,2,1009,9,85.0,765.0,2024-07-01
51296,5,1004,8,180.0,1440.0,2024-08-01
51297,1,1004,5,180.0,900.0,2024-03-04
51298,4,1005,3,185.0,555.0,2024-01-03
51299,5,1001,5,450.0,2250.0,2024-09-18
51300,3,1007,3,45.0,135.0,2024-09-24
51301,2,1003,4,55.0,220.0,2024-09-19
51302,5,1013,3,120.0,360.0,2024-05-25
51303,2,1002,8,35.0,280.0,2024-01-29
51304,5,1003,1,55.0,55.0,2024-10-22
51305,1,1014,3,35.0,105.0,2024-12-01
51306,5,1011,7,30.0,210.0,2024-06-06
51307,4,1004,1,180.0,180.0,2024-04-04
51308,3,1007,2,45.0,90.0,2024-01-20
51309,3,1009,3,85.0,255.0,2024-08-13
51310,1,1004,10,180.0,1800.0,2024-04-23
51311,4,1011,5,30.0,150.0,2024-04-30
51312,2,1002,5,35.0,175.0,2024-09-10
51313,3,1007,5,45.0,225.0,2024-04-27
51314,3,1005,6,185.0,1110.0,2024-10-28
51315,1,1013,1,120.0,120.0,2024-11-25
51316,4,1002,4,35.0,140.0,2024-09-26
51317,4,1005,2,185.0,370.0,2024-08-11
51318,5,1013,6,120.0,720.0,2024-09-09
51319,4,1011,9,30.0,270.0,2024-12-26
51320,3,1003,7,55.0,385.0,2024-02-01
51321,3,1008,4,65.0,260.0,2024-02-09
51322,2,1010,8,25.0,200.0,2024-07-22
51323,1,1008,1,65.0,65.0,2024-11-20
51324,1,1014,9,35.0,315.0,2024-02-04
51325,3,1007,1,45.0,45.0,2024-10-11
51326,1,1010,2,25.0,50.0,2024-12-28
51327,5,1005,1,185.0,185.0,2024-05-28
51328,4,1004,9,180.0,1620.0,2024-10-31
51329,4,1004,10,180.0,1800.0,2024-03-26
51330,2,1012,4,40.0,160.0,2024-07-31
51331,5,1007,5,45.0,225.0,2024-08-29
51332,4,1008,7,65.0,455.0,2024-08-24
51333,1,1002,1,35.0,35.0,2024-09-29
51334,4,1003,10,55.0,550.0,2024-11-26
51335,3,1012,1,40.0,40.0,2024-11-14
51336,5,1001,8,450.0,3600.0,2024-06-28
51337,5,1013,7,120.0,840.0,2024-10-25
51338,3,1014,2,35.0,70.0,2024-09-24
51339,4,1014,4,35.0,140.0,2024-12-23
51340,2,1013,2,120.0,240.0,2024-09-09
51341,3,1012,6,40.0,240.0,2024-10-15
51342,5,1010,6,25.0,150.0,2024-10-05
51343,1,1013,6,120.0,720.0,2024-03-09
51344,1,1003,9,55.0,495.0,2024-02-21
51345,1,1001,2,450.0,900.0,2024-01-20
51346,3,1004,2,180.0,360.0,2024-10-13
51347,2,1012,10,40.0,400.0,2024-06-30
51348,1,1006,7,120.0,840.0,2024-10-04
51349,3,1013,3,120.0,360.0,2024-02-28
51350,1,1008,1,65.0,65.0,2024-04-09
51351,2,1002,6,35.0,210.0,2024-04-19
51352,1,1007,3,45.0,135.0,2024-12-02
51353,1,1011,5,30.0,150.0,2024-11-24
51354,4,1008,7,65.0,455.0,2024-05-20
51355,3,1014,10,35.0,350.0,2024-05-13
51356,5,1004,9,180.0,1620.0,2024-12-29
51357,1,1008,9,65.0,585.0,2024-09-20
51358,3,1009,4,85.0,340.0,2024-09-14
51359,5,1002,4,35.0,140.0,2024-05-07
51360,1,1005,5,185.0,925.0,2024-09-10
51361,2,1008,6,65.0,390.0,2024-03-09
51362,2,1008,8,65.0,520.0,2024-03-26
51363,4,1014,1,35.0,35.0,2024-12-04
51364,2,1014,6,35.0,210.0,2024-11-20
51365,5,1014,3,35.0,105.0,2024-04-06
51366,5,1011,7,30.0,210.0,2024-03-25
51367,5,1012,3,40.0,120.0,2024-11-15
51368,4,1013,4,120.0,480.0,2024-09-01
51369,3,1002,5,35.0,175.0,2024-08-19
51370,3,1008,3,65.0,195.0,2024-05-20
51371,4,1003,8,55.0,440.0,2024-05-24
51372,3,1013,1,120.0,120.0,2024-03-17
51373,1,1001,5,450.0,2250.0,2024-01-05
51374,4,1008,3,65.0,195.0,2024-06-11
51375,2,1009,4,85.0,340.0,2024-03-22
51376,4,1002,6,35.0,210.0,2024-05-01
51377,3,1003,10,55.0,550.0,2024-12-17
51378,2,1009,1,85.0,85.0,2024-12-25
51379,1,1007,8,45.0,360.0,2024-07-21
51380,4,1002,2,35.0,70.0,2024-11-21
51381,1,1007,10,45.0,450.0,2024-07-07
51382,2,1010,4,25.0,100.0,2024-04-08
51383,2,1009,10,85.0,850.0,2024-07-28
51384,4,1012,6,40.0,240.0,2024-07-14
51385,1,1005,1,185.0,185.0,2024-07-11
51386,4,1013,10,120.0,1200.0,2024-07-26
51387,1,1004,4,180.0,720.0,2024-08-31
51388,5,1012,1,40.0,40.0,2024-12-03
51389,4,1001,4,450.0,1800.0,2024-09-28
51390,5,1012,4,40.0,160.0,2024-07-29
51391,2,1009,5,85.0,425.0,2024-09-16
51392,1,1006,3,120.0,360.0,2024-07-12
51393,4,1014,5,35.0,175.0,2024-06-13
51394,3,1005,1,185.0,185.0,2024-07-07
51395,5,1003,8,55.0,440.0,2024-09-02
51396,2,1001,7,450.0,3150.0,2024-06-08
51397,3,1012,5,40.0,200.0,2024-06-23
51398,5,1010,7,25.0,175.0,2024-08-09
51399,5,1003,2,55.0,110.0,2024-09-29
51400,1,1008,8,65.0,520.0,2024-08-23
51401,4,1003,2,55.0,110.0,2024-11-12
51402,1,1008,10,65.0,650.0,2024-01-14
51403,2,1004,1,180.0,180.0,2024-07-08
51404,3,1003,2,55.0,110.0,2024-06-04
51405,4,1007,7,45.0,315.0,2024-08-01
51406,2,1006,2,120.0,240.0,2024-08-19
51407,3,1002,9,35.0,315.0,2024-09-13
51408,5,1009,7,85.0,595.0,2024-04-24
51409,1,1006,3,120.0,360.0,2024-01-12
51410,4,1003,2,55.0,110.0,2024-05-20
51411,2,1009,10,85.0,850.0,2024-01-21
51412,5,1010,6,25.0,150.0,2024-05-28
51413,2,1007,9,45.0,405.0,2024-12-28
51414,3,1008,8,65.0,520.0,2024-09-04
51415,3,1003,1,55.0,55.0,2024-01-14
51416,2,1003,7,55.0,385.0,2024-09-22
51417,2,1010,3,25.0,75.0,2024-04-15
51418,5,1005,2,185.0,370.0,2024-11-04
51419,4,1004,7,180.0,1260.0,2024-07-27
51420,3,1002,10,35.0,350.0,2024-08-31
51421,3,1006,7,120.0,840.0,2024-06-29
51422,1,1004,5,180.0,900.0,2024-02-11
51423,3,1004,8,180.0,1440.0,2024-06-15
51424,4,1011,6,30.0,180.0,2024-06-15
51425,5,1001,8,450.0,3600.0,2024-10-23
51426,3,1001,9,450.0,4050.0,2024-09-18
51427,5,1002,8,35.0,280.0,2024-06-20
51428,2,1006,10,120.0,1200.0,2024-08-21
51429,4,1004,6,180.0,1080.0,2024-07-18
51430,2,1004,9,180.0,1620.0,2024-08-06
51431,4,1013,8,120.0,960.0,2024-10-16
51432,4,1008,9,65.0,585.0,2024-04-09
51433,4,1005,8,185.0,1480.0,2024-05-13
51434,2,1002,1,35.0,35.0,2024-11-25
51435,4,1006,7,120.0,840.0,2024-03-14
51436,1,1002,5,35.0,175.0,2024-04-20
51437,3,1013,4,120.0,480.0,2024-01-09
51438,4,1005,4,185.0,740.0,2024-06-04
51439,4,1009,2,85.0,170.0,2024-04-25
51440,3,1007,6,45.0,270.0,2024-06-17
51441,1,1002,9,35.0,315.0,2024-12-08
51442,4,1013,3,120.0,360.0,2024-11-02
51443,3,1007,2,45.0,90.0,2024-08-16
51444,5,1004,2,180.0,360.0,2024-03-20
51445,4,1002,5,35.0,175.0,2024-12-08
51446,2,1012,10,40.0,400.0,2024-09-07
51447,5,1006,8,120.0,960.0,2024-08-28
51448,4,1007,5,45.0,225.0,2024-01-10
51449,3,1005,3,185.0,555.0,2024-02-22
51450,4,1009,2,85.0,170.0,2024-11-05
51451,5,1001,3,450.0,1350.0,2024-06-08
51452,1,1008,7,65.0,455.0,2024-07-01
51453,4,1004,9,180.0,1620.0,2024-09-21
51454,2,1001,1,450.0,450.0,2024-02-18
51455,5,1009,2,85.0,170.0,2024-12-29
51456,5,1004,3,180.0,540.0,2024-02-13
51457,5,1003,2,55.0,110.0,2024-11-25
51458,5,1001,1,450.0,450.0,2024-11-28
51459,1,1008,3,65.0,195.0,2024-09-09
51460,4,1009,5,85.0,425.0,2024-08-14
51461,4,1002,1,35.0,35.0,2024-08-11
51462,5,1004,4,180.0,720.0,2024-05-09
51463,2,1003,6,55.0,330.0,2024-04-13
51464,1,1008,2,65.0,130.0,2024-11-24
51465,2,1007,2,45.0,90.0,2024-02-25
51466,2,1003,4,55.0,220.0,2024-09-09
51467,5,1006,6,120.0,720.0,2024-03-04
51468,2,1013,1,120.0,120.0,2024-11-03
51469,2,1014,2,35.0,70.0,2024-09-05
51470,4,1009,10,85.0,850.0,2024-09-07
51471,2,1013,1,120.0,120.0,2024-08-26
51472,1,1004,7,180.0,1260.0,2024-10-16
51473,3,1011,4,30.0,120.0,2024-02-22
51474,1,1006,5,120.0,600.0,2024-05-30
51475,2,1006,2,120.0,240.0,2024-03-07
51476,4,1007,2,45.0,90.0,2024-04-17
51477,5,1005,8,185.0,1480.0,2024-04-04
51478,1,1004,8,180.0,1440.0,2024-05-20
51479,2,1003,9,55.0,495.0,2024-01-11
51480,5,1011,2,30.0,60.0,2024-07-04
51481,1,1008,7,65.0,455.0,2024-05-06
51482,2,1001,4,450.0,1800.0,2024-02-03
51483,1,1005,1,185.0,185.0,2024-03-08
51484,2,1011,2,30.0,60.0,2024-01-23
51485,4,1011,4,30.0,120.0,2024-04-28
51486,5,1012,5,40.0,200.0,2024-03-03
51487,4,1008,3,65.0,195.0,2024-09-04
51488,1,1002,1,35.0,35.0,2024-09-20
51489,3,1009,10,85.0,850.0,2024-02-19
51490,5,1003,3,55.0,165.0,2024-07-22
51491,5,1006,7,120.0,840.0,2024-01-17
51492,5,1007,2,45.0,90.0,2024-02-17
51493,4,1005,10,185.0,1850.0,2024-05-31
51494,4,1007,3,45.0,135.0,2024-03-11
51495,1,1001,8,450.0,3600.0,2024-04-18
51496,5,1010,5,25.0,125.0,2024-10-08
51497,1,1009,2,85.0,170.0,2024-06-01
51498,4,1009,4,85.0,340.0,2024-08-15
51499,1,1005,1,185.0,185.0,2024-12-17
51500,3,1005,5,185.0,925.0,2024-09-16
61500,3,1005,5,185.0,925.0,2024-09-16
51501,2,1003,3,55.0,165.0,2024-01-18
51502,1,1010,4,25.0,100.0,2024-11-09
51503,3,1003,8,55.0,440.0,2024-06-07
51504,4,1003,7,55.0,385.0,2024-09-15
51505,4,1009,8,85.0,680.0,2024-08-19
51506,4,1007,3,45.0,135.0,2024-11-12
51507,1,1013,3,120.0,360.0,2024-03-29
51508,5,1012,9,40.0,360.0,2024-06-23
51509,4,1014,4,35.0,140.0,2024-09-22
51510,1,1007,2,45.0,90.0,2024-12-24
51511,5,1014,6,35.0,210.0,2024-08-30
51512,1,1014,4,35.0,140.0,2024-12-08
51513,3,1010,9,25.0,225.0,2024-04-19
51514,1,1009,2,85.0,170.0,2024-10-27
51515,5,1006,9,120.0,1080.0,2024-09-20
51516,5,1007,10,45.0,450.0,2024-12-27
51517,1,1013,9,120.0,1080.0,2024-02-10
51518,4,1010,7,25.0,175.0,2024-07-02
51519,2,1006,4,120.0,480.0,2024-05-01
51520,4,1004,3,180.0,540.0,2024-05-04
51521,3,1009,1,85.0,85.0,2024-08-22
51522,3,1002,3,35.0,105.0,2024-08-28
51523,5,1003,1,55.0,55.0,2024-05-18
51524,4,1012,2,40.0,80.0,2024-04-04
51525,4,1012,8,40.0,320.0,2024-02-14
51526,4,1008,2,65.0,130.0,2024-05-27
51527,4,1001,1,450.0,450.0,2024-07-28
51528,3,1005,2,185.0,370.0,2024-07-26
51529,2,1005,1,185.0,185.0,2024-10-28
51530,3,1009,9,85.0,765.0,2024-09-20
51531,3,1009,8,85.0,680.0,2024-06-25
51532,5,1004,8,180.0,1440.0,2024-09-13
51533,3,1002,5,35.0,175.0,2024-10-29
51534,5,1001,2,450.0,900.0,2024-04-10
51535,5,1014,1,35.0,35.0,2024-08-25
51536,5,1009,8,85.0,680.0,2024-09-26
51537,2,1004,5,180.0,900.0,2024-10-20
51538,5,1007,2,45.0,90.0,2024-02-21
51539,3,1002,1,35.0,35.0,2024-08-31
51540,1,1009,8,85.0,680.0,2024-03-23
51541,5,1009,3,85.0,255.0,2024-12-05
51542,2,1002,8,35.0,280.0,2024-05-21
51543,5,1013,3,120.0,360.0,2024-05-03
51544,4,1013,8,120.0,960.0,2024-04-24
51545,4,1009,5,85.0,425.0,2024-10-04
51546,3,1013,8,120.0,960.0,2024-08-26
51547,4,1006,7,120.0,840.0,2024-11-30
51548,5,1004,1,180.0,180.0,2024-06-07
51549,2,1005,3,185.0,555.0,2024-04-02
51550,4,1005,10,185.0,1850.0,2024-10-21
51551,4,1003,10,55.0,550.0,2024-04-04
51552,1,1004,4,180.0,720.0,2024-04-21
51553,4,1004,4,180.0,720.0,2024-10-30
51554,3,1002,8,35.0,280.0,2024-03-04
51555,5,1014,8,35.0,280.0,2024-10-01
51556,4,1004,8,180.0,1440.0,2024-02-12
51557,5,1012,5,40.0,200.0,2024-11-28
51558,1,1004,4,180.0,720.0,2024-10-16
51559,5,1004,7,180.0,1260.0,2024-09-02
51560,1,1008,3,65.0,195.0,2024-03-10
51561,1,1002,7,35.0,245.0,2024-05-17
51562,5,1008,1,65.0,65.0,2024-09-02
51563,2,1010,1,25.0,25.0,2024-08-28
51564,2,1010,7,25.0,175.0,2024-05-18
51565,1,1008,7,65.0,455.0,2024-05-22
51566,2,1005,1,185.0,185.0,2024-05-07
51567,1,1012,6,40.0,240.0,2024-06-04
51568,1,1012,9,40.0,360.0,2024-03-24
51569,2,1012,6,40.0,240.0,2024-07-15
51570,2,1009,9,85.0,765.0,2024-03-04
51571,4,1011,1,30.0,30.0,2024-01-22
51572,1,1012,1,40.0,40.0,2024-06-27
51573,2,1010,10,25.0,250.0,2024-03-11
51574,2,1008,1,65.0,65.0,2024-07-30
51575,3,1013,3,120.0,360.0,2024-09-21
51576,1,1002,9,35.0,315.0,2024-11-25
51577,1,1002,7,35.0,245.0,2024-05-10
51578,5,1012,2,40.0,80.0,2024-09-22
51579,4,1013,8,120.0,960.0,2024-04-24
51580,5,1006,1,120.0,120.0,2024-08-30
51581,3,1003,10,55.0,550.0,2024-12-18
51582,1,1002,3,35.0,105.0,2024-10-16
51583,1,1011,1,30.0,30.0,2024-02-08
51584,2,1001,10,450.0,4500.0,2024-10-19
51585,1,1004,5,180.0,900.0,2024-04-27
51586,4,1013,8,120.0,960.0,2024-01-31
51587,3,1004,5,180.0,900.0,2024-04-05
51588,1,1007,8,45.0,360.0,2024-02-02
51589,3,1007,10,45.0,450.0,2024-08-30
51590,5,1010,5,25.0,125.0,2024-10-28
51591,1,1003,3,55.0,165.0,2024-10-14
51592,1,1009,3,85.0,255.0,2024-04-01
51593,2,1005,8,185.0,1480.0,2024-12-19
51594,2,1002,10,35.0,350.0,2024-05-06
51595,3,1012,3,40.0,120.0,2024-09-12
51596,3,1008,2,65.0,130.0,2024-02-26
51597,1,1010,7,25.0,175.0,2024-10-09
51598,4,1002,9,35.0,315.0,2024-03-09
51599,1,1009,10,85.0,850.0,2024-05-04
51600,4,1012,8,40.0,320.0,2024-08-08
51601,5,1004,10,180.0,1800.0,2024-10-07
51602,5,1011,2,30.0,60.0,2024-08-06
51603,3,1012,9,40.0,360.0,2024-12-29
51604,2,1003,1,55.0,55.0,2024-05-05
51605,5,1003,10,55.0,550.0,2024-07-25
51606,2,1006,6,120.0,720.0,2024-09-30
51607,5,1002,7,35.0,245.0,2024-08-12
51608,3,1012,9,40.0,360.0,2024-06-18
51609,4,1006,2,120.0,240.0,2024-06-26
51610,2,1008,7,65.0,455.0,2024-12-30
51611,2,1006,6,120.0,720.0,2024-01-25
51612,2,1008,2,65.0,130.0,2024-07-27
51613,2,1006,10,120.0,1200.0,2024-01-22
51614,5,1009,2,85.0,170.0,2024-03-03
51615,4,1014,2,35.0,70.0,2024-11-07
51616,3,1013,8,120.0,960.0,2024-03-27
51617,2,1005,2,185.0,370.0,2024-09-30
51618,4,1013,9,120.0,1080.0,2024-09-10
51619,4,1002,6,35.0,210.0,2024-03-20
51620,1,1004,8,180.0,1440.0,2024-09-08
51621,5,1001,1,450.0,450.0,2024-11-29
51622,2,1006,4,120.0,480.0,2024-08-07
51623,3,1004,6,180.0,1080.0,2024-10-26
51624,4,1001,7,450.0,3150.0,2024-11-21
51625,5,1003,4,55.0,220.0,2024-07-16
51626,4,1014,5,35.0,175.0,2024-02-15
51627,3,1008,10,65.0,650.0,2024-01-23
51628,1,1014,2,35.0,70.0,2024-07-21
51629,4,1006,9,120.0,1080.0,2024-05-27
51630,4,1009,6,85.0,510.0,2024-07-13
51631,5,1003,8,55.0,440.0,2024-05-15
51632,4,1002,9,35.0,315.0,2024-02-26
51633,1,1006,6,120.0,720.0,2024-04-06
51634,2,1012,3,40.0,120.0,2024-01-19
51635,2,1003,6,55.0,330.0,2024-11-22
51636,3,1006,3,120.0,360.0,2024-08-08
51637,3,1006,4,120.0,480.0,2024-03-09
51638,5,1010,8,25.0,200.0,2024-02-15
51639,2,1001,6,450.0,2700.0,2024-12-21
51640,3,1013,9,120.0,1080.0,2024-10-10
51641,5,1004,6,180.0,1080.0,2024-09-04
51642,4,1013,9,120.0,1080.0,2024-02-22
51643,4,1006,2,120.0,240.0,2024-05-01
51644,3,1009,6,85.0,510.0,2024-10-20
51645,5,1011,7,30.0,210.0,2024-06-30
51646,4,1007,8,45.0,360.0,2024-03-22
51647,1,1005,4,185.0,740.0,2024-04-09
51648,4,1002,7,35.0,245.0,2024-09-09
51649,2,1007,9,45.0,405.0,2024-07-28
51650,5,1013,10,120.0,1200.0,2024-02-07
51651,5,1010,1,25.0,25.0,2024-10-19
51652,3,1003,1,55.0,55.0,2024-07-23
51653,4,1011,3,30.0,90.0,2024-12-17
51654,5,1007,10,45.0,450.0,2024-05-22
51655,4,1009,10,85.0,850.0,2024-05-15
51656,5,1007,8,45.0,360.0,2024-10-30
51657,3,1006,10,120.0,1200.0,2024-10-03
51658,5,1013,4,120.0,480.0,2024-03-26
51659,1,1001,5,450.0,2250.0,2024-08-24
51660,2,1008,6,65.0,390.0,2024-11-24
51661,2,1011,7,30.0,210.0,2024-03-21
51662,1,1014,6,35.0,210.0,2024-08-04
51663,1,1003,3,55.0,165.0,2024-09-02
51664,1,1006,4,120.0,480.0,2024-03-11
51665,4,1011,3,30.0,90.0,2024-12-12
51666,4,1010,10,25.0,250.0,2024-08-18
51667,4,1008,9,65.0,585.0,2024-11-19
51668,4,1009,8,85.0,680.0,2024-09-17
51669,3,1006,7,120.0,840.0,2024-01-30
51670,4,1014,9,35.0,315.0,2024-04-24
51671,5,1005,1,185.0,185.0,2024-01-21
51672,4,1002,1,35.0,35.0,2024-08-03
51673,3,1003,3,55.0,165.0,2024-09-18
51674,1,1009,3,85.0,255.0,2024-11-07
51675,4,1006,3,120.0,360.0,2024-07-13
51676,3,1014,10,35.0,350.0,2024-02-06
51677,3,1009,5,85.0,425.0,2024-01-08
51678,5,1007,8,45.0,360.0,2024-07-15
51679,5,1003,3,55.0,165.0,2024-07-19
51680,5,1013,6,120.0,720.0,2024-04-25
51681,2,1004,8,180.0,1440.0,2024-12-07
51682,4,1013,7,120.0,840.0,2024-03-08
51683,4,1014,10,35.0,350.0,2024-12-24
51684,1,1014,8,35.0,280.0,2024-10-21
51685,5,1009,5,85.0,425.0,2024-12-25
51686,5,1008,6,65.0,390.0,2024-09-20
51687,3,1007,10,45.0,450.0,2024-08-29
51688,2,1005,6,185.0,1110.0,2024-10-26
51689,5,1010,5,25.0,125.0,2024-12-22
51690,1,1003,10,55.0,550.0,2024-05-29
51691,1,1008,5,65.0,325.0,2024-05-24
51692,2,1009,4,85.0,340.0,2024-12-22
51693,3,1005,3,185.0,555.0,2024-01-15
51694,4,1005,8,185.0,1480.0,2024-09-20
51695,2,1011,3,30.0,90.0,2024-11-29
51696,2,1003,4,55.0,220.0,2024-08-17
51697,3,1002,3,35.0,105.0,2024-05-31
51698,4,1007,9,45.0,405.0,2024-01-23
51699,5,1009,9,85.0,765.0,2024-09-27
51700,1,1008,6,65.0,390.0,2024-04-13
51701,5,1007,4,45.0,180.0,2024-09-07
51702,4,1002,6,35.0,210.0,2024-07-19
51703,2,1002,10,35.0,350.0,2024-10-21
51704,3,1014,4,35.0,140.0,2024-05-28
51705,1,1001,5,450.0,2250.0,2024-03-21
51706,5,1001,4,450.0,1800.0,2024-06-26
51707,3,1003,7,55.0,385.0,2024-03-05
51708,4,1009,10,85.0,850.0,2024-09-13
51709,5,1009,7,85.0,595.0,2024-07-24
51710,3,1003,7,55.0,385.0,2024-09-10
51711,1,1007,3,45.0,135.0,2024-09-17
51712,4,1002,8,35.0,280.0,2024-09-27
51713,2,1011,7,30.0,210.0,2024-03-11
51714,1,1007,9,45.0,405.0,2024-09-19
51715,4,1010,2,25.0,50.0,2024-07-23
51716,1,1011,2,30.0,60.0,2024-11-08
51717,2,1009,1,85.0,85.0,2024-09-07
51718,1,1002,8,35.0,280.0,2024-10-11
51719,4,1014,6,35.0,210.0,2024-08-15
51720,1,1013,9,120.0,1080.0,2024-02-03
51721,2,1004,4,180.0,720.0,2024-05-11
51722,2,1010,2,25.0,50.0,2024-08-08
51723,5,1008,9,65.0,585.0,2024-10-16
51724,1,1014,8,35.0,280.0,2024-07-31
51725,3,1010,6,25.0,150.0,2024-02-10
51726,5,1007,7,45.0,315.0,2024-03-24
51727,4,1001,4,450.0,1800.0,2024-11-03
51728,2,1007,10,45.0,450.0,2024-09-29
51729,5,1013,2,120.0,240.0,2024-11-19
51730,2,1008,9,65.0,585.0,2024-02-18
51731,3,1001,6,450.0,2700.0,2024-02-27
51732,2,1005,4,185.0,740.0,2024-04-14
51733,3,1010,5,25.0,125.0,2024-06-05
51734,1,1002,4,35.0,140.0,2024-03-13
51735,2,1013,6,120.0,720.0,2024-05-13
51736,4,1005,3,185.0,555.0,2024-07-05
51737,5,1010,7,25.0,175.0,2024-01-17
51738,2,1005,4,185.0,740.0,2024-06-13
51739,4,1013,9,120.0,1080.0,2024-07-08
51740,1,1003,2,55.0,110.0,2024-03-01
51741,2,1003,10,55.0,550.0,2024-10-11
51742,2,1013,8,120.0,960.0,2024-06-15
51743,4,1004,10,180.0,1800.0,2024-04-16
51744,3,1009,1,85.0,85.0,2024-08-19
51745,4,1013,6,120.0,720.0,2024-08-02
51746,1,1010,5,25.0,125.0,2024-04-09
51747,1,1013,5,120.0,600.0,2024-10-31
51748,1,1011,3,30.0,90.0,2024-08-19
51749,1,1014,1,35.0,35.0,2024-04-05
51750,3,1006,1,120.0,120.0,2024-06-23
51751,3,1012,6,40.0,240.0,2024-03-11
51752,1,1001,7,450.0,3150.0,2024-06-30
51753,5,1009,6,85.0,510.0,2024-06-28
51754,3,1003,10,55.0,550.0,2024-08-13
51755,4,1006,4,120.0,480.0,2024-10-11
51756,1,1012,2,40.0,80.0,2024-05-11
51757,3,1012,8,40.0,320.0,2024-05-28
51758,3,1008,3,65.0,195.0,2024-08-04
51759,2,1011,7,30.0,210.0,2024-02-29
51760,5,1011,7,30.0,210.0,2024-07-14
51761,3,1008,5,65.0,325.0,2024-01-14
51762,4,1012,3,40.0,120.0,2024-11-14
51763,4,1013,2,120.0,240.0,2024-09-24
51764,2,1006,5,120.0,600.0,2024-03-06
51765,2,1006,1,120.0,120.0,2024-04-05
51766,3,1001,4,450.0,1800.0,2024-02-03
51767,5,1007,1,45.0,45.0,2024-06-10
51768,4,1008,9,65.0,585.0,2024-02-03
51769,1,1013,9,120.0,1080.0,2024-02-20
51770,3,1011,5,30.0,150.0,2024-06-01
51771,3,1009,7,85.0,595.0,2024-11-16
51772,1,1012,5,40.0,200.0,2024-06-17
51773,5,1012,4,40.0,160.0,2024-11-29
51774,1,1010,2,25.0,50.0,2024-08-04
51775,2,1002,2,35.0,70.0,2024-02-17
51776,2,1008,10,65.0,650.0,2024-07-09
51777,2,1008,8,65.0,520.0,2024-11-09
51778,5,1004,10,180.0,1800.0,2024-10-08
51779,5,1009,1,85.0,85.0,2024-08-03
51780,4,1012,3,40.0,120.0,2024-04-30
51781,4,1005,2,185.0,370.0,2024-09-06
51782,2,1014,7,35.0,245.0,2024-09-23
51783,3,1012,10,40.0,400.0,2024-09-27
51784,4,1003,8,55.0,440.0,2024-04-23
51785,5,1002,6,35.0,210.0,2024-04-16
51786,4,1008,6,65.0,390.0,2024-07-08
51787,3,1011,5,30.0,150.0,2024-11-10
51788,3,1007,4,45.0,180.0,2024-06-11
51789,4,1001,5,450.0,2250.0,2024-11-22
51790,4,1006,7,120.0,840.0,2024-01-21
51791,2,1010,4,25.0,100.0,2024-11-25
51792,2,1005,9,185.0,1665.0,2024-08-24
51793,3,1002,2,35.0,70.0,2024-11-16
51794,3,1014,2,35.0,70.0,2024-08-07
51795,3,1004,10,180.0,1800.0,2024-02-23
51796,4,1008,4,65.0,260.0,2024-10-26
51797,1,1013,5,120.0,600.0,2024-06-26
51798,2,1001,8,450.0,3600.0,2024-03-14
51799,5,1010,5,25.0,125.0,2024-04-19
51800,4,1010,10,25.0,250.0,2024-01-04
51801,2,1005,3,185.0,555.0,2024-08-03
51802,1,1005,6,185.0,1110.0,2024-09-28
51803,2,1010,8,25.0,200.0,2024-09-25
51804,2,1010,7,25.0,175.0,2024-12-24
51805,4,1002,3,35.0,105.0,2024-11-02
51806,5,1010,3,25.0,75.0,2024-08-04
51807,5,1006,10,120.0,1200.0,2024-01-02
51808,3,1005,3,185.0,555.0,2024-12-01
51809,4,1004,9,180.0,1620.0,2024-09-22
51810,5,1006,2,120.0,240.0,2024-02-08
51811,2,1009,4,85.0,340.0,2024-06-29
51812,2,1001,7,450.0,3150.0,2024-01-27
51813,1,1011,7,30.0,210.0,2024-02-14
51814,5,1007,10,45.0,450.0,2024-12-09
51815,2,1001,1,450.0,450.0,2024-01-19
51816,5,1003,2,55.0,110.0,2024-10-29
51817,5,1003,4,55.0,220.0,2024-01-13
51818,5,1007,7,45.0,315.0,2024-09-24
51819,3,1007,2,45.0,90.0,2024-07-15
51820,5,1014,1,35.0,35.0,2024-05-29
51821,1,1012,7,40.0,280.0,2024-05-26
51822,1,1010,8,25.0,200.0,2024-03-12
51823,3,1008,8,65.0,520.0,2024-03-04
51824,4,1009,2,85.0,170.0,2024-09-16
51825,2,1013,7,120.0,840.0,2024-01-09
51826,3,1005,9,185.0,1665.0,2024-11-17
51827,1,1014,8,35.0,280.0,2024-08-17
51828,1,1008,10,65.0,650.0,2024-10-24
51829,3,1006,8,120.0,960.0,2024-05-14
51830,4,1011,9,30.0,270.0,2024-10-06
51831,5,1008,3,65.0,195.0,2024-11-08
51832,5,1004,6,180.0,1080.0,2024-04-15
51833,3,1007,1,45.0,45.0,2024-09-23
51834,4,1001,10,450.0,4500.0,2024-07-06
51835,4,1012,5,40.0,200.0,2024-02-18
51836,4,1008,2,65.0,130.0,2024-02-12
51837,5,1006,5,120.0,600.0,2024-01-03
51838,1,1002,8,35.0,280.0,2024-11-02
51839,1,1010,7,25.0,175.0,2024-06-03
51840,5,1013,5,120.0,600.0,2024-08-13
51841,5,1003,5,55.0,275.0,2024-07-21
51842,1,1010,6,25.0,150.0,2024-06-17
51843,3,1010,10,25.0,250.0,2024-06-12
51844,1,1012,5,40.0,200.0,2024-03-23
51845,5,1011,3,30.0,90.0,2024-12-16
51846,3,1001,1,450.0,450.0,2024-09-21
51847,4,1007,6,45.0,270.0,2024-03-02
51848,4,1008,5,65.0,325.0,2024-10-19
51849,1,1003,5,55.0,275.0,2024-06-24
51850,1,1003,7,55.0,385.0,2024-03-29
51851,2,1010,10,25.0,250.0,2024-12-09
51852,5,1009,7,85.0,595.0,2024-08-26
51853,2,1007,5,45.0,225.0,2024-12-22
51854,1,1009,10,85.0,850.0,2024-11-19
51855,2,1011,7,30.0,210.0,2024-04-09
51856,5,1012,10,40.0,400.0,2024-03-30
51857,2,1009,2,85.0,170.0,2024-12-08
51858,3,1002,10,35.0,350.0,2024-01-27
51859,4,1003,7,55.0,385.0,2024-12-02
51860,2,1007,7,45.0,315.0,2024-07-11
51861,4,1003,3,55.0,165.0,2024-10-22
51862,4,1013,4,120.0,480.0,2024-02-18
51863,2,1014,8,35.0,280.0,2024-11-16
51864,1,1010,10,25.0,250.0,2024-08-20
51865,4,1005,7,185.0,1295.0,2024-06-01
51866,1,1008,10,65.0,650.0,2024-11-28
51867,5,1005,8,185.0,1480.0,2024-08-03
51868,2,1004,9,180.0,1620.0,2024-05-31
51869,2,1006,4,120.0,480.0,2024-06-03
51870,4,1007,7,45.0,315.0,2024-08-02
51871,2,1013,9,120.0,1080.0,2024-10-17
51872,4,1012,2,40.0,80.0,2024-07-02
51873,2,1008,9,65.0,585.0,2024-02-10
51874,4,1011,8,30.0,240.0,2024-05-27
51875,3,1008,9,65.0,585.0,2024-02-01
51876,1,1008,4,65.0,260.0,2024-06-29
51877,4,1009,1,85.0,85.0,2024-01-12
51878,1,1002,1,35.0,35.0,2024-09-17
51879,2,1011,6,30.0,180.0,2024-10-06
51880,5,1008,10,65.0,650.0,2024-09-13
51881,1,1007,9,45.0,405.0,2024-04-05
51882,2,1003,1,55.0,55.0,2024-05-30
51883,3,1004,7,180.0,1260.0,2024-11-24
51884,5,1002,7,35.0,245.0,2024-03-16
51885,5,1014,10,35.0,350.0,2024-03-07
51886,3,1012,9,40.0,360.0,2024-10-08
51887,3,1009,2,85.0,170.0,2024-01-02
51888,4,1013,6,120.0,720.0,2024-01-23
51889,2,1007,5,45.0,225.0,2024-06-14
51890,2,1011,5,30.0,150.0,2024-05-01
51891,3,1009,7,85.0,595.0,2024-04-21
51892,1,1011,6,30.0,180.0,2024-01-06
51893,2,1008,5,65.0,325.0,2024-01-12
51894,5,1006,5,120.0,600.0,2024-08-01
51895,5,1007,2,45.0,90.0,2024-08-11
51896,2,1009,10,85.0,850.0,2024-05-02
51897,1,1009,4,85.0,340.0,2024-10-07
51898,2,1013,7,120.0,840.0,2024-12-25
51899,2,1005,10,185.0,1850.0,2024-06-03
51900,2,1006,5,120.0,600.0,2024-11-05
51901,4,1005,2,185.0,370.0,2024-05-09
51902,4,1005,10,185.0,1850.0,2024-11-21
51903,2,1012,10,40.0,400.0,2024-06-08
51904,5,1009,1,85.0,85.0,2024-04-23
51905,5,1001,7,450.0,3150.0,2024-05-04
51906,1,1004,2,180.0,360.0,2024-08-15
51907,2,1002,1,35.0,35.0,2024-12-25
51908,2,1012,10,40.0,400.0,2024-05-04
51909,2,1005,2,185.0,370.0,2024-10-14
51910,1,1004,4,180.0,720.0,2024-10-26
51911,3,1014,6,35.0,210.0,2024-02-29
51912,1,1012,1,40.0,40.0,2024-03-13
51913,2,1013,3,120.0,360.0,2024-12-06
51914,2,1007,7,45.0,315.0,2024-01-10
51915,3,1002,2,35.0,70.0,2024-07-25
51916,2,1007,4,45.0,180.0,2024-12-25
51917,5,1011,5,30.0,150.0,2024-02-26
51918,1,1001,4,450.0,1800.0,2024-03-31
51919,2,1011,9,30.0,270.0,2024-10-20
51920,2,1012,8,40.0,320.0,2024-12-12
51921,3,1007,7,45.0,315.0,2024-03-12
51922,3,1005,5,185.0,925.0,2024-06-16
51923,4,1003,7,55.0,385.0,2024-06-03
51924,3,1007,8,45.0,360.0,2024-01-23
51925,3,1003,9,55.0,495.0,2024-01-19
51926,3,1007,5,45.0,225.0,2024-07-01
51927,1,1005,8,185.0,1480.0,2024-08-14
51928,3,1001,2,450.0,900.0,2024-06-20
51929,5,1002,1,35.0,35.0,2024-05-22
51930,1,1003,4,55.0,220.0,2024-05-12
51931,5,1014,6,35.0,210.0,2024-03-27
51932,4,1013,9,120.0,1080.0,2024-10-07
51933,5,1001,10,450.0,4500.0,2024-08-02
51934,5,1003,10,55.0,550.0,2024-12-21
51935,1,1004,3,180.0,540.0,2024-06-08
51936,1,1010,1,25.0,25.0,2024-10-12
51937,5,1013,10,120.0,1200.0,2024-10-07
51938,5,1010,5,25.0,125.0,2024-11-24
51939,1,1001,5,450.0,2250.0,2024-04-27
51940,1,1012,10,40.0,400.0,2024-01-07
51941,2,1014,3,35.0,105.0,2024-05-24
51942,5,1008,5,65.0,325.0,2024-11-27
51943,2,1010,9,25.0,225.0,2024-11-08
51944,5,1007,5,45.0,225.0,2024-11-28
51945,1,1003,1,55.0,55.0,2024-01-30
51946,3,1006,6,120.0,720.0,2024-04-22
51947,3,1005,8,185.0,1480.0,2024-06-07
51948,2,1014,9,35.0,315.0,2024-06-10
51949,1,1001,1,450.0,450.0,2024-07-04
51950,1,1002,2,35.0,70.0,2024-03-26
51951,5,1003,8,55.0,440.0,2024-11-23
51952,2,1011,9,30.0,270.0,2024-05-25
51953,4,1002,10,35.0,350.0,2024-12-01
51954,3,1002,5,35.0,175.0,2024-06-30
51955,2,1005,1,185.0,185.0,2024-12-23
51956,5,1012,6,40.0,240.0,2024-11-17
51957,4,1014,6,35.0,210.0,2024-06-10
51958,2,1003,5,55.0,275.0,2024-05-27
51959,4,1005,2,185.0,370.0,2024-10-29
51960,5,1010,2,25.0,50.0,2024-02-29
51961,1,1001,2,450.0,900.0,2024-12-26
51962,4,1004,8,180.0,1440.0,2024-02-16
51963,1,1001,6,450.0,2700.0,2024-10-09
51964,3,1001,6,450.0,2700.0,2024-01-15
51965,2,1012,9,40.0,360.0,2024-05-30
51966,3,1012,3,40.0,120.0,2024-11-10
51967,1,1003,6,55.0,330.0,2024-10-06
51968,3,1014,4,35.0,140.0,2024-07-26
51969,1,1013,4,120.0,480.0,2024-12-16
51970,2,1009,9,85.0,765.0,2024-11-21
51971,2,1011,2,30.0,60.0,2024-08-27
51972,4,1006,9,120.0,1080.0,2024-10-16
51973,5,1013,1,120.0,120.0,2024-12-22
51974,4,1010,1,25.0,25.0,2024-01-08
51975,4,1007,7,45.0,315.0,2024-01-08
51976,2,1003,9,55.0,495.0,2024-09-24
51977,1,1004,8,180.0,1440.0,2024-03-16
51978,2,1011,8,30.0,240.0,2024-04-05
51979,4,1013,10,120.0,1200.0,2024-08-14
51980,2,1014,2,35.0,70.0,2024-02-10
51981,1,1009,2,85.0,170.0,2024-01-08
51982,1,1014,7,35.0,245.0,2024-07-10
51983,2,1008,1,65.0,65.0,2024-07-16
51984,2,1007,8,45.0,360.0,2024-03-23
51985,2,1006,5,120.0,600.0,2024-01-16
51986,3,1002,5,35.0,175.0,2024-02-20
51987,5,1010,4,25.0,100.0,2024-12-20
51988,2,1011,1,30.0,30.0,2024-09-16
51989,1,1012,3,40.0,120.0,2024-10-22
51990,2,1003,8,55.0,440.0,2024-05-27
51991,1,1003,1,55.0,55.0,2024-02-16
51992,4,1003,2,55.0,110.0,2024-03-26
51993,4,1010,5,25.0,125.0,2024-04-23
51994,1,1002,10,35.0,350.0,2024-02-09
51995,3,1012,7,40.0,280.0,2024-11-12
51996,4,1011,2,30.0,60.0,2024-06-12
51997,3,1013,1,120.0,120.0,2024-02-05
51998,1,1009,1,85.0,85.0,2024-10-31
51999,1,1010,6,25.0,150.0,2024-01-08
52000,1,1002,1,35.0,35.0,2024-12-27
62000,1,1002,1,35.0,35.0,2024-12-27
